FILE,COLUMN,TYPE,UNIT,FORMULA,SOURCE,EARLIEST_AVAILABILITY,POINT_IN_TIME_FEATURE_OR_OUTCOME,MISSING_VALUE_MEANING,KNOWN_LIMITATION
pool_master.csv.gz,pool_id,string(hex32),-,sha256('external-review-v1:'+pool_address)[:32],CreatePoolEvent / pool tape,la crearea pool-ului,KEY,-,hash unidirectional; nu se poate inversa
pool_master.csv.gz,mint_id,string(hex32),-,sha256('external-review-v1:'+mint)[:32],CreateEvent/CompleteEvent,la creare,KEY,-,idem
pool_master.csv.gz,source,string,-,SEP01_HIST24_VAULT_BALANCES | PROSPECTIVE_TAPE_EVENTS,colector,-,META,-,"SEP01: solduri vault, fara portofele"
pool_master.csv.gz,date_utc,date,UTC,zi UTC a CompleteEvent,CompleteEvent.ts,-,META,-,-
pool_master.csv.gz,hour_utc,string,UTC,ora UTC a CompleteEvent,-,-,META,-,-
pool_master.csv.gz,complete_ts,int,s epoch,ts on-chain al tranzactiei care completeaza curba,CompleteEvent (ts al TradeEvent din aceeasi tx; SEP01 blockTime),la completare,META/PIT,-,rezolutie 1 s
pool_master.csv.gz,complete_slot,int,slot,slotul CompleteEvent,-,-,META,-,-
pool_master.csv.gz,pool_creation_ts,int,s epoch,ts on-chain CreatePoolEvent (SEP01: blockTime al primei stari),CreatePoolEvent,la creare,META/PIT,-,-
pool_master.csv.gz,pool_creation_slot,int,slot,-,-,-,META,,SEP01: slot prima stare
pool_master.csv.gz,eligible,int 0/1,-,1 daca pool-ul intra in populatia regimului,regime_cache_build.py,-,META,-,-
pool_master.csv.gz,exclusion_reason,string,-,motivul excluderii (gol = eligibil),regime_exclusions_pass.py,-,META,gol=eligibil,motivele care cer trecerea 2 sunt agregate
pool_master.csv.gz,schema_variant,string,-,HIST24_VAULT_BALANCES_TXINDEX | PROSPECTIVE_EVENTS_NO_TXINDEX,-,-,META,-,fara txIndex => ordine intra-slot = sosire
pool_master.csv.gz,boost_classification,string,-,BOOST_PROXY_17_58 daca starea initiala = 206.9M tokeni + ~85 SOL total (67.41 real + 17.58 virtual),-,-,META,-,-
pool_master.csv.gz,vq_lamports,int,lamports,rezerva virtuala de quote implicita (mediana din formula CP pe primele 60 evenimente),evenimente,-,META,-,±0.3 SOL
pool_master.csv.gz,ordering_quality,string,-,EXACT_SLOT_TXINDEX | SLOT_ARRIVAL_NO_TXINDEX,-,-,META,-,-
pool_master.csv.gz,fee_mode,string,-,OBSERVED_EVENT_BPS | TIER_TABLE,-,-,META,-,SEP01 foloseste tabelul de tiere (pumpswap_fees.py)
pool_master.csv.gz,coverage_s_after_creation,float,s,ts ultimului eveniment - pool_creation_ts (max 420),-,-,META,-,-
pool_master.csv.gz,gap_flag,int,-,1 daca intervalul necesar intersecteaza o deconectare WSS,collector.log,-,META,-,-
pool_master.csv.gz,corruption_flag,int,-,1 daca intersecteaza o coada de fisier corupta,-,-,META,-,-
pool_master.csv.gz,first_executable_ts,int,s epoch,complete_ts + 5 s observare + 2 s latenta,spec,-,META,-,-
pool_master.csv.gz,initial_rb,int,tokeni bruti (6 zecimale),rezerva de baza inainte de primul eveniment,-,-,META,-,-
pool_master.csv.gz,initial_rq,int,lamports,rezerva reala de quote inainte de primul eveniment,-,-,META,-,-
pool_master.csv.gz,n_events_420s,int,-,evenimente Buy/Sell (SEP01: stari) pana la T0+420 s,-,-,META,-,-
pool_master.csv.gz,n_buys,int,-,-,-,-,META,-,-
pool_master.csv.gz,n_sells,int,-,-,-,-,META,-,-
pool_master.csv.gz,reserve_chain_consistency,float,-,fractia perechilor consecutive cu post==pre urmator,-,-,META,-,-
pool_master.csv.gz,has_curve_features,int,-,1 daca pool-ul are trasaturi (populatia master 946),-,-,META,-,-
pool_master.csv.gz,has_wallets,int,-,1 daca evenimentele au portofel,-,-,META,-,-
pool_feature_panel.csv.gz,pool_id,string(hex32),-,sha256('external-review-v1:'+pool_address)[:32],CreatePoolEvent / pool tape,la crearea pool-ului,KEY,-,hash unidirectional; nu se poate inversa
pool_feature_panel.csv.gz,mint_id,string(hex32),-,sha256('external-review-v1:'+mint)[:32],CreateEvent/CompleteEvent,la creare,KEY,-,idem
pool_feature_panel.csv.gz,horizon_s,int,s,orizontul de observare h (decizie la T0+h),spec,-,KEY,-,-
pool_feature_panel.csv.gz,decision_ts,int,s epoch,pool_creation_ts + h,-,-,PIT,-,-
pool_feature_panel.csv.gz,feature_max_ts,int,s epoch,cel mai mare ts al evenimentelor folosite la trasaturi (< decision_ts),-,-,PIT,gol = fara evenimente inainte de decizie,-
pool_feature_panel.csv.gz,pool_creation_ts,int,s epoch,ts on-chain CreatePoolEvent (SEP01: blockTime al primei stari),CreatePoolEvent,la creare,META/PIT,-,-
pool_feature_panel.csv.gz,complete_ts,int,s epoch,ts on-chain al tranzactiei care completeaza curba,CompleteEvent (ts al TradeEvent din aceeasi tx; SEP01 blockTime),la completare,META/PIT,-,rezolutie 1 s
pool_feature_panel.csv.gz,actual_entry_ts,float,s epoch,decision_ts + 2 s (intrarea conservatoare),-,-,PIT,-,-
pool_feature_panel.csv.gz,actual_entry_slot,int,slot,slotul starii de intrare (ultimul eveniment <= intrare),-,-,PIT,-,-
pool_feature_panel.csv.gz,partition_master,string,-,DEV/VAL/AUDIT din laboratorul master (cronologic pe pool),master_edge_discovery.py,-,META,gol = fara trasaturi,-
pool_feature_panel.csv.gz,features_available,int,-,1 daca randul are trasaturi,-,-,META,-,-
pool_feature_panel.csv.gz,missingness_reason,string,-,motivul lipsei trasaturilor,-,-,META,-,-
pool_feature_panel.csv.gz,n_missing_features,int,-,numar de trasaturi nule,-,-,META,-,-
pool_feature_panel.csv.gz,manipulation_flag_burst,int,-,1 daca >=50 % din evenimentele pre-decizie sunt in sloturi cu >=3 portofele distincte,-,-,PIT,gol = fara trasaturi,adrese brute: coordonare invizibila
pool_feature_panel.csv.gz,ordering_quality_flag,string,-,idem ordering_quality,-,-,META,-,-
pool_feature_panel.csv.gz,f_t0h_sell_share,float,vezi master_feature_registry.json,trasatura point-in-time calculata din evenimente cu ts < decision_ts (definitie in code/master_feature_registry.json),master_edge_discovery.py::features,decision_ts,PIT,gol = nedefinita (fara evenimente / fara curba),adrese brute; COORDINATION_BLIND
pool_feature_panel.csv.gz,f_t0h_sold_frac,float,vezi master_feature_registry.json,trasatura point-in-time calculata din evenimente cu ts < decision_ts (definitie in code/master_feature_registry.json),master_edge_discovery.py::features,decision_ts,PIT,gol = nedefinita (fara evenimente / fara curba),adrese brute; COORDINATION_BLIND
pool_feature_panel.csv.gz,f_t0h_sellers_n,float,vezi master_feature_registry.json,trasatura point-in-time calculata din evenimente cu ts < decision_ts (definitie in code/master_feature_registry.json),master_edge_discovery.py::features,decision_ts,PIT,gol = nedefinita (fara evenimente / fara curba),adrese brute; COORDINATION_BLIND
pool_feature_panel.csv.gz,f_fresh_buyers_n,float,vezi master_feature_registry.json,trasatura point-in-time calculata din evenimente cu ts < decision_ts (definitie in code/master_feature_registry.json),master_edge_discovery.py::features,decision_ts,PIT,gol = nedefinita (fara evenimente / fara curba),adrese brute; COORDINATION_BLIND
pool_feature_panel.csv.gz,f_fresh_buy_quote,float,vezi master_feature_registry.json,trasatura point-in-time calculata din evenimente cu ts < decision_ts (definitie in code/master_feature_registry.json),master_edge_discovery.py::features,decision_ts,PIT,gol = nedefinita (fara evenimente / fara curba),adrese brute; COORDINATION_BLIND
pool_feature_panel.csv.gz,f_fresh_share,float,vezi master_feature_registry.json,trasatura point-in-time calculata din evenimente cu ts < decision_ts (definitie in code/master_feature_registry.json),master_edge_discovery.py::features,decision_ts,PIT,gol = nedefinita (fara evenimente / fara curba),adrese brute; COORDINATION_BLIND
pool_feature_panel.csv.gz,f_ret_buy_share,float,vezi master_feature_registry.json,trasatura point-in-time calculata din evenimente cu ts < decision_ts (definitie in code/master_feature_registry.json),master_edge_discovery.py::features,decision_ts,PIT,gol = nedefinita (fara evenimente / fara curba),adrese brute; COORDINATION_BLIND
pool_feature_panel.csv.gz,f_ret_buyers_n,float,vezi master_feature_registry.json,trasatura point-in-time calculata din evenimente cu ts < decision_ts (definitie in code/master_feature_registry.json),master_edge_discovery.py::features,decision_ts,PIT,gol = nedefinita (fara evenimente / fara curba),adrese brute; COORDINATION_BLIND
pool_feature_panel.csv.gz,f_buy_ratio,float,vezi master_feature_registry.json,trasatura point-in-time calculata din evenimente cu ts < decision_ts (definitie in code/master_feature_registry.json),master_edge_discovery.py::features,decision_ts,PIT,gol = nedefinita (fara evenimente / fara curba),adrese brute; COORDINATION_BLIND
pool_feature_panel.csv.gz,f_net_quote_flow,float,vezi master_feature_registry.json,trasatura point-in-time calculata din evenimente cu ts < decision_ts (definitie in code/master_feature_registry.json),master_edge_discovery.py::features,decision_ts,PIT,gol = nedefinita (fara evenimente / fara curba),adrese brute; COORDINATION_BLIND
pool_feature_panel.csv.gz,f_last5_buy_share,float,vezi master_feature_registry.json,trasatura point-in-time calculata din evenimente cu ts < decision_ts (definitie in code/master_feature_registry.json),master_edge_discovery.py::features,decision_ts,PIT,gol = nedefinita (fara evenimente / fara curba),adrese brute; COORDINATION_BLIND
pool_feature_panel.csv.gz,f_sign_runs,float,vezi master_feature_registry.json,trasatura point-in-time calculata din evenimente cu ts < decision_ts (definitie in code/master_feature_registry.json),master_edge_discovery.py::features,decision_ts,PIT,gol = nedefinita (fara evenimente / fara curba),adrese brute; COORDINATION_BLIND
pool_feature_panel.csv.gz,f_size_median_sol,float,vezi master_feature_registry.json,trasatura point-in-time calculata din evenimente cu ts < decision_ts (definitie in code/master_feature_registry.json),master_edge_discovery.py::features,decision_ts,PIT,gol = nedefinita (fara evenimente / fara curba),adrese brute; COORDINATION_BLIND
pool_feature_panel.csv.gz,f_size_top1_share,float,vezi master_feature_registry.json,trasatura point-in-time calculata din evenimente cu ts < decision_ts (definitie in code/master_feature_registry.json),master_edge_discovery.py::features,decision_ts,PIT,gol = nedefinita (fara evenimente / fara curba),adrese brute; COORDINATION_BLIND
pool_feature_panel.csv.gz,f_repeat_size_share,float,vezi master_feature_registry.json,trasatura point-in-time calculata din evenimente cu ts < decision_ts (definitie in code/master_feature_registry.json),master_edge_discovery.py::features,decision_ts,PIT,gol = nedefinita (fara evenimente / fara curba),adrese brute; COORDINATION_BLIND
pool_feature_panel.csv.gz,f_max_wallets_per_slot,float,vezi master_feature_registry.json,trasatura point-in-time calculata din evenimente cu ts < decision_ts (definitie in code/master_feature_registry.json),master_edge_discovery.py::features,decision_ts,PIT,gol = nedefinita (fara evenimente / fara curba),adrese brute; COORDINATION_BLIND
pool_feature_panel.csv.gz,f_burst_event_share,float,vezi master_feature_registry.json,trasatura point-in-time calculata din evenimente cu ts < decision_ts (definitie in code/master_feature_registry.json),master_edge_discovery.py::features,decision_ts,PIT,gol = nedefinita (fara evenimente / fara curba),adrese brute; COORDINATION_BLIND
pool_feature_panel.csv.gz,f_px_ret_bp,float,vezi master_feature_registry.json,trasatura point-in-time calculata din evenimente cu ts < decision_ts (definitie in code/master_feature_registry.json),master_edge_discovery.py::features,decision_ts,PIT,gol = nedefinita (fara evenimente / fara curba),adrese brute; COORDINATION_BLIND
pool_feature_panel.csv.gz,f_impact_per_sol,float,vezi master_feature_registry.json,trasatura point-in-time calculata din evenimente cu ts < decision_ts (definitie in code/master_feature_registry.json),master_edge_discovery.py::features,decision_ts,PIT,gol = nedefinita (fara evenimente / fara curba),adrese brute; COORDINATION_BLIND
pool_feature_panel.csv.gz,f_absorption,float,vezi master_feature_registry.json,trasatura point-in-time calculata din evenimente cu ts < decision_ts (definitie in code/master_feature_registry.json),master_edge_discovery.py::features,decision_ts,PIT,gol = nedefinita (fara evenimente / fara curba),adrese brute; COORDINATION_BLIND
pool_feature_panel.csv.gz,f_max_dd_bp,float,vezi master_feature_registry.json,trasatura point-in-time calculata din evenimente cu ts < decision_ts (definitie in code/master_feature_registry.json),master_edge_discovery.py::features,decision_ts,PIT,gol = nedefinita (fara evenimente / fara curba),adrese brute; COORDINATION_BLIND
pool_feature_panel.csv.gz,f_recovery_bp,float,vezi master_feature_registry.json,trasatura point-in-time calculata din evenimente cu ts < decision_ts (definitie in code/master_feature_registry.json),master_edge_discovery.py::features,decision_ts,PIT,gol = nedefinita (fara evenimente / fara curba),adrese brute; COORDINATION_BLIND
pool_feature_panel.csv.gz,f_rq_change_sol,float,vezi master_feature_registry.json,trasatura point-in-time calculata din evenimente cu ts < decision_ts (definitie in code/master_feature_registry.json),master_edge_discovery.py::features,decision_ts,PIT,gol = nedefinita (fara evenimente / fara curba),adrese brute; COORDINATION_BLIND
pool_feature_panel.csv.gz,f_n_events,float,vezi master_feature_registry.json,trasatura point-in-time calculata din evenimente cu ts < decision_ts (definitie in code/master_feature_registry.json),master_edge_discovery.py::features,decision_ts,PIT,gol = nedefinita (fara evenimente / fara curba),adrese brute; COORDINATION_BLIND
pool_feature_panel.csv.gz,f_events_per_s,float,vezi master_feature_registry.json,trasatura point-in-time calculata din evenimente cu ts < decision_ts (definitie in code/master_feature_registry.json),master_edge_discovery.py::features,decision_ts,PIT,gol = nedefinita (fara evenimente / fara curba),adrese brute; COORDINATION_BLIND
pool_feature_panel.csv.gz,f_creator_t0_share,float,vezi master_feature_registry.json,trasatura point-in-time calculata din evenimente cu ts < decision_ts (definitie in code/master_feature_registry.json),master_edge_discovery.py::features,decision_ts,PIT,gol = nedefinita (fara evenimente / fara curba),adrese brute; COORDINATION_BLIND
pool_feature_panel.csv.gz,f_creator_sold_pre_D,float,vezi master_feature_registry.json,trasatura point-in-time calculata din evenimente cu ts < decision_ts (definitie in code/master_feature_registry.json),master_edge_discovery.py::features,decision_ts,PIT,gol = nedefinita (fara evenimente / fara curba),adrese brute; COORDINATION_BLIND
pool_feature_panel.csv.gz,f_creator_sold_on_curve,float,vezi master_feature_registry.json,trasatura point-in-time calculata din evenimente cu ts < decision_ts (definitie in code/master_feature_registry.json),master_edge_discovery.py::features,decision_ts,PIT,gol = nedefinita (fara evenimente / fara curba),adrese brute; COORDINATION_BLIND
pool_feature_panel.csv.gz,f_curve_duration_s,float,vezi master_feature_registry.json,trasatura point-in-time calculata din evenimente cu ts < decision_ts (definitie in code/master_feature_registry.json),master_edge_discovery.py::features,decision_ts,PIT,gol = nedefinita (fara evenimente / fara curba),adrese brute; COORDINATION_BLIND
pool_feature_panel.csv.gz,f_curve_trades_n,float,vezi master_feature_registry.json,trasatura point-in-time calculata din evenimente cu ts < decision_ts (definitie in code/master_feature_registry.json),master_edge_discovery.py::features,decision_ts,PIT,gol = nedefinita (fara evenimente / fara curba),adrese brute; COORDINATION_BLIND
pool_feature_panel.csv.gz,f_curve_unique_buyers,float,vezi master_feature_registry.json,trasatura point-in-time calculata din evenimente cu ts < decision_ts (definitie in code/master_feature_registry.json),master_edge_discovery.py::features,decision_ts,PIT,gol = nedefinita (fara evenimente / fara curba),adrese brute; COORDINATION_BLIND
pool_outcomes.csv.gz,decision_ts,int,s epoch,pool_creation_ts + h,-,-,PIT,-,-
pool_outcomes.csv.gz,horizon_s,int,s,orizontul de observare h (decizie la T0+h),spec,-,KEY,-,-
pool_outcomes.csv.gz,mint_id,string(hex32),-,sha256('external-review-v1:'+mint)[:32],CreateEvent/CompleteEvent,la creare,KEY,-,idem
pool_outcomes.csv.gz,outcome_entry_ts,float,s epoch,decision_ts + 2 s,-,-,PIT,-,-
pool_outcomes.csv.gz,pool_id,string(hex32),-,sha256('external-review-v1:'+pool_address)[:32],CreatePoolEvent / pool tape,la crearea pool-ului,KEY,-,hash unidirectional; nu se poate inversa
pool_outcomes.csv.gz,OUT_FIX180_entry_cost_usd,number/string,USD/tokeni/lamports/s,"OUTCOME VIITOR al politicii FIX180_entry_cost: camp usd (entry_qty_tokens, entry_cost_usd, entry_rb/rq, exit_type, first_barrier, exit_ts/slot/rb/rq, exact_liquidation_usd, pnl_usd, ret, mfe/mae_usd, t_mfe/t_mae/t_tp/t_sl_s, same_slot_tp_sl_ambiguity, hold_s; sufixe cost125/cost150/optimistic/latX = stres)",build_external_bundle.py::sim,dupa iesire,OUTCOME,gol = neexecutabil,fara FAIL-1/Jito
pool_outcomes.csv.gz,OUT_FIX180_entry_fee_bps,number/string,USD/tokeni/lamports/s,"OUTCOME VIITOR al politicii FIX180_entry_fee: camp bps (entry_qty_tokens, entry_cost_usd, entry_rb/rq, exit_type, first_barrier, exit_ts/slot/rb/rq, exact_liquidation_usd, pnl_usd, ret, mfe/mae_usd, t_mfe/t_mae/t_tp/t_sl_s, same_slot_tp_sl_ambiguity, hold_s; sufixe cost125/cost150/optimistic/latX = stres)",build_external_bundle.py::sim,dupa iesire,OUTCOME,gol = neexecutabil,fara FAIL-1/Jito
pool_outcomes.csv.gz,OUT_FIX180_entry_qty_tokens,number/string,USD/tokeni/lamports/s,"OUTCOME VIITOR al politicii FIX180_entry_qty: camp tokens (entry_qty_tokens, entry_cost_usd, entry_rb/rq, exit_type, first_barrier, exit_ts/slot/rb/rq, exact_liquidation_usd, pnl_usd, ret, mfe/mae_usd, t_mfe/t_mae/t_tp/t_sl_s, same_slot_tp_sl_ambiguity, hold_s; sufixe cost125/cost150/optimistic/latX = stres)",build_external_bundle.py::sim,dupa iesire,OUTCOME,gol = neexecutabil,fara FAIL-1/Jito
pool_outcomes.csv.gz,OUT_FIX180_entry_quote_in_lamports,number/string,USD/tokeni/lamports/s,"OUTCOME VIITOR al politicii FIX180_entry_quote: camp in_lamports (entry_qty_tokens, entry_cost_usd, entry_rb/rq, exit_type, first_barrier, exit_ts/slot/rb/rq, exact_liquidation_usd, pnl_usd, ret, mfe/mae_usd, t_mfe/t_mae/t_tp/t_sl_s, same_slot_tp_sl_ambiguity, hold_s; sufixe cost125/cost150/optimistic/latX = stres)",build_external_bundle.py::sim,dupa iesire,OUTCOME,gol = neexecutabil,fara FAIL-1/Jito
pool_outcomes.csv.gz,OUT_FIX180_entry_rb,number/string,USD/tokeni/lamports/s,"OUTCOME VIITOR al politicii FIX180_entry_rb: camp rb (entry_qty_tokens, entry_cost_usd, entry_rb/rq, exit_type, first_barrier, exit_ts/slot/rb/rq, exact_liquidation_usd, pnl_usd, ret, mfe/mae_usd, t_mfe/t_mae/t_tp/t_sl_s, same_slot_tp_sl_ambiguity, hold_s; sufixe cost125/cost150/optimistic/latX = stres)",build_external_bundle.py::sim,dupa iesire,OUTCOME,gol = neexecutabil,fara FAIL-1/Jito
pool_outcomes.csv.gz,OUT_FIX180_entry_rq,number/string,USD/tokeni/lamports/s,"OUTCOME VIITOR al politicii FIX180_entry_rq: camp rq (entry_qty_tokens, entry_cost_usd, entry_rb/rq, exit_type, first_barrier, exit_ts/slot/rb/rq, exact_liquidation_usd, pnl_usd, ret, mfe/mae_usd, t_mfe/t_mae/t_tp/t_sl_s, same_slot_tp_sl_ambiguity, hold_s; sufixe cost125/cost150/optimistic/latX = stres)",build_external_bundle.py::sim,dupa iesire,OUTCOME,gol = neexecutabil,fara FAIL-1/Jito
pool_outcomes.csv.gz,OUT_FIX180_entry_slot,number/string,USD/tokeni/lamports/s,"OUTCOME VIITOR al politicii FIX180_entry_slot: camp slot (entry_qty_tokens, entry_cost_usd, entry_rb/rq, exit_type, first_barrier, exit_ts/slot/rb/rq, exact_liquidation_usd, pnl_usd, ret, mfe/mae_usd, t_mfe/t_mae/t_tp/t_sl_s, same_slot_tp_sl_ambiguity, hold_s; sufixe cost125/cost150/optimistic/latX = stres)",build_external_bundle.py::sim,dupa iesire,OUTCOME,gol = neexecutabil,fara FAIL-1/Jito
pool_outcomes.csv.gz,OUT_FIX180_entry_ts,number/string,USD/tokeni/lamports/s,"OUTCOME VIITOR al politicii FIX180_entry_ts: camp ts (entry_qty_tokens, entry_cost_usd, entry_rb/rq, exit_type, first_barrier, exit_ts/slot/rb/rq, exact_liquidation_usd, pnl_usd, ret, mfe/mae_usd, t_mfe/t_mae/t_tp/t_sl_s, same_slot_tp_sl_ambiguity, hold_s; sufixe cost125/cost150/optimistic/latX = stres)",build_external_bundle.py::sim,dupa iesire,OUTCOME,gol = neexecutabil,fara FAIL-1/Jito
pool_outcomes.csv.gz,OUT_FIX180_exact_liquidation_usd,number/string,USD/tokeni/lamports/s,"OUTCOME VIITOR al politicii FIX180_exact_liquidation: camp usd (entry_qty_tokens, entry_cost_usd, entry_rb/rq, exit_type, first_barrier, exit_ts/slot/rb/rq, exact_liquidation_usd, pnl_usd, ret, mfe/mae_usd, t_mfe/t_mae/t_tp/t_sl_s, same_slot_tp_sl_ambiguity, hold_s; sufixe cost125/cost150/optimistic/latX = stres)",build_external_bundle.py::sim,dupa iesire,OUTCOME,gol = neexecutabil,fara FAIL-1/Jito
pool_outcomes.csv.gz,OUT_FIX180_exit_rb,number/string,USD/tokeni/lamports/s,"OUTCOME VIITOR al politicii FIX180_exit_rb: camp rb (entry_qty_tokens, entry_cost_usd, entry_rb/rq, exit_type, first_barrier, exit_ts/slot/rb/rq, exact_liquidation_usd, pnl_usd, ret, mfe/mae_usd, t_mfe/t_mae/t_tp/t_sl_s, same_slot_tp_sl_ambiguity, hold_s; sufixe cost125/cost150/optimistic/latX = stres)",build_external_bundle.py::sim,dupa iesire,OUTCOME,gol = neexecutabil,fara FAIL-1/Jito
pool_outcomes.csv.gz,OUT_FIX180_exit_rq,number/string,USD/tokeni/lamports/s,"OUTCOME VIITOR al politicii FIX180_exit_rq: camp rq (entry_qty_tokens, entry_cost_usd, entry_rb/rq, exit_type, first_barrier, exit_ts/slot/rb/rq, exact_liquidation_usd, pnl_usd, ret, mfe/mae_usd, t_mfe/t_mae/t_tp/t_sl_s, same_slot_tp_sl_ambiguity, hold_s; sufixe cost125/cost150/optimistic/latX = stres)",build_external_bundle.py::sim,dupa iesire,OUTCOME,gol = neexecutabil,fara FAIL-1/Jito
pool_outcomes.csv.gz,OUT_FIX180_exit_slot,number/string,USD/tokeni/lamports/s,"OUTCOME VIITOR al politicii FIX180_exit_slot: camp slot (entry_qty_tokens, entry_cost_usd, entry_rb/rq, exit_type, first_barrier, exit_ts/slot/rb/rq, exact_liquidation_usd, pnl_usd, ret, mfe/mae_usd, t_mfe/t_mae/t_tp/t_sl_s, same_slot_tp_sl_ambiguity, hold_s; sufixe cost125/cost150/optimistic/latX = stres)",build_external_bundle.py::sim,dupa iesire,OUTCOME,gol = neexecutabil,fara FAIL-1/Jito
pool_outcomes.csv.gz,OUT_FIX180_exit_ts,number/string,USD/tokeni/lamports/s,"OUTCOME VIITOR al politicii FIX180_exit_ts: camp ts (entry_qty_tokens, entry_cost_usd, entry_rb/rq, exit_type, first_barrier, exit_ts/slot/rb/rq, exact_liquidation_usd, pnl_usd, ret, mfe/mae_usd, t_mfe/t_mae/t_tp/t_sl_s, same_slot_tp_sl_ambiguity, hold_s; sufixe cost125/cost150/optimistic/latX = stres)",build_external_bundle.py::sim,dupa iesire,OUTCOME,gol = neexecutabil,fara FAIL-1/Jito
pool_outcomes.csv.gz,OUT_FIX180_exit_type,number/string,USD/tokeni/lamports/s,"OUTCOME VIITOR al politicii FIX180_exit_type: camp type (entry_qty_tokens, entry_cost_usd, entry_rb/rq, exit_type, first_barrier, exit_ts/slot/rb/rq, exact_liquidation_usd, pnl_usd, ret, mfe/mae_usd, t_mfe/t_mae/t_tp/t_sl_s, same_slot_tp_sl_ambiguity, hold_s; sufixe cost125/cost150/optimistic/latX = stres)",build_external_bundle.py::sim,dupa iesire,OUTCOME,gol = neexecutabil,fara FAIL-1/Jito
pool_outcomes.csv.gz,OUT_FIX180_first_barrier,number/string,USD/tokeni/lamports/s,"OUTCOME VIITOR al politicii FIX180_first_barrier: camp barrier (entry_qty_tokens, entry_cost_usd, entry_rb/rq, exit_type, first_barrier, exit_ts/slot/rb/rq, exact_liquidation_usd, pnl_usd, ret, mfe/mae_usd, t_mfe/t_mae/t_tp/t_sl_s, same_slot_tp_sl_ambiguity, hold_s; sufixe cost125/cost150/optimistic/latX = stres)",build_external_bundle.py::sim,dupa iesire,OUTCOME,gol = neexecutabil,fara FAIL-1/Jito
pool_outcomes.csv.gz,OUT_FIX180_hold_s,number/string,USD/tokeni/lamports/s,"OUTCOME VIITOR al politicii FIX180_hold_s: camp s (entry_qty_tokens, entry_cost_usd, entry_rb/rq, exit_type, first_barrier, exit_ts/slot/rb/rq, exact_liquidation_usd, pnl_usd, ret, mfe/mae_usd, t_mfe/t_mae/t_tp/t_sl_s, same_slot_tp_sl_ambiguity, hold_s; sufixe cost125/cost150/optimistic/latX = stres)",build_external_bundle.py::sim,dupa iesire,OUTCOME,gol = neexecutabil,fara FAIL-1/Jito
pool_outcomes.csv.gz,OUT_FIX180_mae_usd,number/string,USD/tokeni/lamports/s,"OUTCOME VIITOR al politicii FIX180_mae_usd: camp usd (entry_qty_tokens, entry_cost_usd, entry_rb/rq, exit_type, first_barrier, exit_ts/slot/rb/rq, exact_liquidation_usd, pnl_usd, ret, mfe/mae_usd, t_mfe/t_mae/t_tp/t_sl_s, same_slot_tp_sl_ambiguity, hold_s; sufixe cost125/cost150/optimistic/latX = stres)",build_external_bundle.py::sim,dupa iesire,OUTCOME,gol = neexecutabil,fara FAIL-1/Jito
pool_outcomes.csv.gz,OUT_FIX180_mfe_usd,number/string,USD/tokeni/lamports/s,"OUTCOME VIITOR al politicii FIX180_mfe_usd: camp usd (entry_qty_tokens, entry_cost_usd, entry_rb/rq, exit_type, first_barrier, exit_ts/slot/rb/rq, exact_liquidation_usd, pnl_usd, ret, mfe/mae_usd, t_mfe/t_mae/t_tp/t_sl_s, same_slot_tp_sl_ambiguity, hold_s; sufixe cost125/cost150/optimistic/latX = stres)",build_external_bundle.py::sim,dupa iesire,OUTCOME,gol = neexecutabil,fara FAIL-1/Jito
pool_outcomes.csv.gz,OUT_FIX180_pnl_usd,number/string,USD/tokeni/lamports/s,"OUTCOME VIITOR al politicii FIX180_pnl_usd: camp usd (entry_qty_tokens, entry_cost_usd, entry_rb/rq, exit_type, first_barrier, exit_ts/slot/rb/rq, exact_liquidation_usd, pnl_usd, ret, mfe/mae_usd, t_mfe/t_mae/t_tp/t_sl_s, same_slot_tp_sl_ambiguity, hold_s; sufixe cost125/cost150/optimistic/latX = stres)",build_external_bundle.py::sim,dupa iesire,OUTCOME,gol = neexecutabil,fara FAIL-1/Jito
pool_outcomes.csv.gz,OUT_FIX180_ret,number/string,USD/tokeni/lamports/s,"OUTCOME VIITOR al politicii FIX180_ret: camp ret (entry_qty_tokens, entry_cost_usd, entry_rb/rq, exit_type, first_barrier, exit_ts/slot/rb/rq, exact_liquidation_usd, pnl_usd, ret, mfe/mae_usd, t_mfe/t_mae/t_tp/t_sl_s, same_slot_tp_sl_ambiguity, hold_s; sufixe cost125/cost150/optimistic/latX = stres)",build_external_bundle.py::sim,dupa iesire,OUTCOME,gol = neexecutabil,fara FAIL-1/Jito
pool_outcomes.csv.gz,OUT_FIX180_same_slot_tp_sl_ambiguity,number/string,USD/tokeni/lamports/s,"OUTCOME VIITOR al politicii FIX180_same_slot: camp tp_sl_ambiguity (entry_qty_tokens, entry_cost_usd, entry_rb/rq, exit_type, first_barrier, exit_ts/slot/rb/rq, exact_liquidation_usd, pnl_usd, ret, mfe/mae_usd, t_mfe/t_mae/t_tp/t_sl_s, same_slot_tp_sl_ambiguity, hold_s; sufixe cost125/cost150/optimistic/latX = stres)",build_external_bundle.py::sim,dupa iesire,OUTCOME,gol = neexecutabil,fara FAIL-1/Jito
pool_outcomes.csv.gz,OUT_FIX180_t_mae_s,number/string,USD/tokeni/lamports/s,"OUTCOME VIITOR al politicii FIX180_t_mae: camp s (entry_qty_tokens, entry_cost_usd, entry_rb/rq, exit_type, first_barrier, exit_ts/slot/rb/rq, exact_liquidation_usd, pnl_usd, ret, mfe/mae_usd, t_mfe/t_mae/t_tp/t_sl_s, same_slot_tp_sl_ambiguity, hold_s; sufixe cost125/cost150/optimistic/latX = stres)",build_external_bundle.py::sim,dupa iesire,OUTCOME,gol = neexecutabil,fara FAIL-1/Jito
pool_outcomes.csv.gz,OUT_FIX180_t_mfe_s,number/string,USD/tokeni/lamports/s,"OUTCOME VIITOR al politicii FIX180_t_mfe: camp s (entry_qty_tokens, entry_cost_usd, entry_rb/rq, exit_type, first_barrier, exit_ts/slot/rb/rq, exact_liquidation_usd, pnl_usd, ret, mfe/mae_usd, t_mfe/t_mae/t_tp/t_sl_s, same_slot_tp_sl_ambiguity, hold_s; sufixe cost125/cost150/optimistic/latX = stres)",build_external_bundle.py::sim,dupa iesire,OUTCOME,gol = neexecutabil,fara FAIL-1/Jito
pool_outcomes.csv.gz,OUT_FIX180_t_sl_s,number/string,USD/tokeni/lamports/s,"OUTCOME VIITOR al politicii FIX180_t_sl: camp s (entry_qty_tokens, entry_cost_usd, entry_rb/rq, exit_type, first_barrier, exit_ts/slot/rb/rq, exact_liquidation_usd, pnl_usd, ret, mfe/mae_usd, t_mfe/t_mae/t_tp/t_sl_s, same_slot_tp_sl_ambiguity, hold_s; sufixe cost125/cost150/optimistic/latX = stres)",build_external_bundle.py::sim,dupa iesire,OUTCOME,gol = neexecutabil,fara FAIL-1/Jito
pool_outcomes.csv.gz,OUT_FIX180_t_tp_s,number/string,USD/tokeni/lamports/s,"OUTCOME VIITOR al politicii FIX180_t_tp: camp s (entry_qty_tokens, entry_cost_usd, entry_rb/rq, exit_type, first_barrier, exit_ts/slot/rb/rq, exact_liquidation_usd, pnl_usd, ret, mfe/mae_usd, t_mfe/t_mae/t_tp/t_sl_s, same_slot_tp_sl_ambiguity, hold_s; sufixe cost125/cost150/optimistic/latX = stres)",build_external_bundle.py::sim,dupa iesire,OUTCOME,gol = neexecutabil,fara FAIL-1/Jito
pool_outcomes.csv.gz,OUT_FIX60_entry_cost_usd,number/string,USD/tokeni/lamports/s,"OUTCOME VIITOR al politicii FIX60_entry_cost: camp usd (entry_qty_tokens, entry_cost_usd, entry_rb/rq, exit_type, first_barrier, exit_ts/slot/rb/rq, exact_liquidation_usd, pnl_usd, ret, mfe/mae_usd, t_mfe/t_mae/t_tp/t_sl_s, same_slot_tp_sl_ambiguity, hold_s; sufixe cost125/cost150/optimistic/latX = stres)",build_external_bundle.py::sim,dupa iesire,OUTCOME,gol = neexecutabil,fara FAIL-1/Jito
pool_outcomes.csv.gz,OUT_FIX60_entry_fee_bps,number/string,USD/tokeni/lamports/s,"OUTCOME VIITOR al politicii FIX60_entry_fee: camp bps (entry_qty_tokens, entry_cost_usd, entry_rb/rq, exit_type, first_barrier, exit_ts/slot/rb/rq, exact_liquidation_usd, pnl_usd, ret, mfe/mae_usd, t_mfe/t_mae/t_tp/t_sl_s, same_slot_tp_sl_ambiguity, hold_s; sufixe cost125/cost150/optimistic/latX = stres)",build_external_bundle.py::sim,dupa iesire,OUTCOME,gol = neexecutabil,fara FAIL-1/Jito
pool_outcomes.csv.gz,OUT_FIX60_entry_qty_tokens,number/string,USD/tokeni/lamports/s,"OUTCOME VIITOR al politicii FIX60_entry_qty: camp tokens (entry_qty_tokens, entry_cost_usd, entry_rb/rq, exit_type, first_barrier, exit_ts/slot/rb/rq, exact_liquidation_usd, pnl_usd, ret, mfe/mae_usd, t_mfe/t_mae/t_tp/t_sl_s, same_slot_tp_sl_ambiguity, hold_s; sufixe cost125/cost150/optimistic/latX = stres)",build_external_bundle.py::sim,dupa iesire,OUTCOME,gol = neexecutabil,fara FAIL-1/Jito
pool_outcomes.csv.gz,OUT_FIX60_entry_quote_in_lamports,number/string,USD/tokeni/lamports/s,"OUTCOME VIITOR al politicii FIX60_entry_quote: camp in_lamports (entry_qty_tokens, entry_cost_usd, entry_rb/rq, exit_type, first_barrier, exit_ts/slot/rb/rq, exact_liquidation_usd, pnl_usd, ret, mfe/mae_usd, t_mfe/t_mae/t_tp/t_sl_s, same_slot_tp_sl_ambiguity, hold_s; sufixe cost125/cost150/optimistic/latX = stres)",build_external_bundle.py::sim,dupa iesire,OUTCOME,gol = neexecutabil,fara FAIL-1/Jito
pool_outcomes.csv.gz,OUT_FIX60_entry_rb,number/string,USD/tokeni/lamports/s,"OUTCOME VIITOR al politicii FIX60_entry_rb: camp rb (entry_qty_tokens, entry_cost_usd, entry_rb/rq, exit_type, first_barrier, exit_ts/slot/rb/rq, exact_liquidation_usd, pnl_usd, ret, mfe/mae_usd, t_mfe/t_mae/t_tp/t_sl_s, same_slot_tp_sl_ambiguity, hold_s; sufixe cost125/cost150/optimistic/latX = stres)",build_external_bundle.py::sim,dupa iesire,OUTCOME,gol = neexecutabil,fara FAIL-1/Jito
pool_outcomes.csv.gz,OUT_FIX60_entry_rq,number/string,USD/tokeni/lamports/s,"OUTCOME VIITOR al politicii FIX60_entry_rq: camp rq (entry_qty_tokens, entry_cost_usd, entry_rb/rq, exit_type, first_barrier, exit_ts/slot/rb/rq, exact_liquidation_usd, pnl_usd, ret, mfe/mae_usd, t_mfe/t_mae/t_tp/t_sl_s, same_slot_tp_sl_ambiguity, hold_s; sufixe cost125/cost150/optimistic/latX = stres)",build_external_bundle.py::sim,dupa iesire,OUTCOME,gol = neexecutabil,fara FAIL-1/Jito
pool_outcomes.csv.gz,OUT_FIX60_entry_slot,number/string,USD/tokeni/lamports/s,"OUTCOME VIITOR al politicii FIX60_entry_slot: camp slot (entry_qty_tokens, entry_cost_usd, entry_rb/rq, exit_type, first_barrier, exit_ts/slot/rb/rq, exact_liquidation_usd, pnl_usd, ret, mfe/mae_usd, t_mfe/t_mae/t_tp/t_sl_s, same_slot_tp_sl_ambiguity, hold_s; sufixe cost125/cost150/optimistic/latX = stres)",build_external_bundle.py::sim,dupa iesire,OUTCOME,gol = neexecutabil,fara FAIL-1/Jito
pool_outcomes.csv.gz,OUT_FIX60_entry_ts,number/string,USD/tokeni/lamports/s,"OUTCOME VIITOR al politicii FIX60_entry_ts: camp ts (entry_qty_tokens, entry_cost_usd, entry_rb/rq, exit_type, first_barrier, exit_ts/slot/rb/rq, exact_liquidation_usd, pnl_usd, ret, mfe/mae_usd, t_mfe/t_mae/t_tp/t_sl_s, same_slot_tp_sl_ambiguity, hold_s; sufixe cost125/cost150/optimistic/latX = stres)",build_external_bundle.py::sim,dupa iesire,OUTCOME,gol = neexecutabil,fara FAIL-1/Jito
pool_outcomes.csv.gz,OUT_FIX60_exact_liquidation_usd,number/string,USD/tokeni/lamports/s,"OUTCOME VIITOR al politicii FIX60_exact_liquidation: camp usd (entry_qty_tokens, entry_cost_usd, entry_rb/rq, exit_type, first_barrier, exit_ts/slot/rb/rq, exact_liquidation_usd, pnl_usd, ret, mfe/mae_usd, t_mfe/t_mae/t_tp/t_sl_s, same_slot_tp_sl_ambiguity, hold_s; sufixe cost125/cost150/optimistic/latX = stres)",build_external_bundle.py::sim,dupa iesire,OUTCOME,gol = neexecutabil,fara FAIL-1/Jito
pool_outcomes.csv.gz,OUT_FIX60_exit_rb,number/string,USD/tokeni/lamports/s,"OUTCOME VIITOR al politicii FIX60_exit_rb: camp rb (entry_qty_tokens, entry_cost_usd, entry_rb/rq, exit_type, first_barrier, exit_ts/slot/rb/rq, exact_liquidation_usd, pnl_usd, ret, mfe/mae_usd, t_mfe/t_mae/t_tp/t_sl_s, same_slot_tp_sl_ambiguity, hold_s; sufixe cost125/cost150/optimistic/latX = stres)",build_external_bundle.py::sim,dupa iesire,OUTCOME,gol = neexecutabil,fara FAIL-1/Jito
pool_outcomes.csv.gz,OUT_FIX60_exit_rq,number/string,USD/tokeni/lamports/s,"OUTCOME VIITOR al politicii FIX60_exit_rq: camp rq (entry_qty_tokens, entry_cost_usd, entry_rb/rq, exit_type, first_barrier, exit_ts/slot/rb/rq, exact_liquidation_usd, pnl_usd, ret, mfe/mae_usd, t_mfe/t_mae/t_tp/t_sl_s, same_slot_tp_sl_ambiguity, hold_s; sufixe cost125/cost150/optimistic/latX = stres)",build_external_bundle.py::sim,dupa iesire,OUTCOME,gol = neexecutabil,fara FAIL-1/Jito
pool_outcomes.csv.gz,OUT_FIX60_exit_slot,number/string,USD/tokeni/lamports/s,"OUTCOME VIITOR al politicii FIX60_exit_slot: camp slot (entry_qty_tokens, entry_cost_usd, entry_rb/rq, exit_type, first_barrier, exit_ts/slot/rb/rq, exact_liquidation_usd, pnl_usd, ret, mfe/mae_usd, t_mfe/t_mae/t_tp/t_sl_s, same_slot_tp_sl_ambiguity, hold_s; sufixe cost125/cost150/optimistic/latX = stres)",build_external_bundle.py::sim,dupa iesire,OUTCOME,gol = neexecutabil,fara FAIL-1/Jito
pool_outcomes.csv.gz,OUT_FIX60_exit_ts,number/string,USD/tokeni/lamports/s,"OUTCOME VIITOR al politicii FIX60_exit_ts: camp ts (entry_qty_tokens, entry_cost_usd, entry_rb/rq, exit_type, first_barrier, exit_ts/slot/rb/rq, exact_liquidation_usd, pnl_usd, ret, mfe/mae_usd, t_mfe/t_mae/t_tp/t_sl_s, same_slot_tp_sl_ambiguity, hold_s; sufixe cost125/cost150/optimistic/latX = stres)",build_external_bundle.py::sim,dupa iesire,OUTCOME,gol = neexecutabil,fara FAIL-1/Jito
pool_outcomes.csv.gz,OUT_FIX60_exit_type,number/string,USD/tokeni/lamports/s,"OUTCOME VIITOR al politicii FIX60_exit_type: camp type (entry_qty_tokens, entry_cost_usd, entry_rb/rq, exit_type, first_barrier, exit_ts/slot/rb/rq, exact_liquidation_usd, pnl_usd, ret, mfe/mae_usd, t_mfe/t_mae/t_tp/t_sl_s, same_slot_tp_sl_ambiguity, hold_s; sufixe cost125/cost150/optimistic/latX = stres)",build_external_bundle.py::sim,dupa iesire,OUTCOME,gol = neexecutabil,fara FAIL-1/Jito
pool_outcomes.csv.gz,OUT_FIX60_first_barrier,number/string,USD/tokeni/lamports/s,"OUTCOME VIITOR al politicii FIX60_first_barrier: camp barrier (entry_qty_tokens, entry_cost_usd, entry_rb/rq, exit_type, first_barrier, exit_ts/slot/rb/rq, exact_liquidation_usd, pnl_usd, ret, mfe/mae_usd, t_mfe/t_mae/t_tp/t_sl_s, same_slot_tp_sl_ambiguity, hold_s; sufixe cost125/cost150/optimistic/latX = stres)",build_external_bundle.py::sim,dupa iesire,OUTCOME,gol = neexecutabil,fara FAIL-1/Jito
pool_outcomes.csv.gz,OUT_FIX60_hold_s,number/string,USD/tokeni/lamports/s,"OUTCOME VIITOR al politicii FIX60_hold_s: camp s (entry_qty_tokens, entry_cost_usd, entry_rb/rq, exit_type, first_barrier, exit_ts/slot/rb/rq, exact_liquidation_usd, pnl_usd, ret, mfe/mae_usd, t_mfe/t_mae/t_tp/t_sl_s, same_slot_tp_sl_ambiguity, hold_s; sufixe cost125/cost150/optimistic/latX = stres)",build_external_bundle.py::sim,dupa iesire,OUTCOME,gol = neexecutabil,fara FAIL-1/Jito
pool_outcomes.csv.gz,OUT_FIX60_mae_usd,number/string,USD/tokeni/lamports/s,"OUTCOME VIITOR al politicii FIX60_mae_usd: camp usd (entry_qty_tokens, entry_cost_usd, entry_rb/rq, exit_type, first_barrier, exit_ts/slot/rb/rq, exact_liquidation_usd, pnl_usd, ret, mfe/mae_usd, t_mfe/t_mae/t_tp/t_sl_s, same_slot_tp_sl_ambiguity, hold_s; sufixe cost125/cost150/optimistic/latX = stres)",build_external_bundle.py::sim,dupa iesire,OUTCOME,gol = neexecutabil,fara FAIL-1/Jito
pool_outcomes.csv.gz,OUT_FIX60_mfe_usd,number/string,USD/tokeni/lamports/s,"OUTCOME VIITOR al politicii FIX60_mfe_usd: camp usd (entry_qty_tokens, entry_cost_usd, entry_rb/rq, exit_type, first_barrier, exit_ts/slot/rb/rq, exact_liquidation_usd, pnl_usd, ret, mfe/mae_usd, t_mfe/t_mae/t_tp/t_sl_s, same_slot_tp_sl_ambiguity, hold_s; sufixe cost125/cost150/optimistic/latX = stres)",build_external_bundle.py::sim,dupa iesire,OUTCOME,gol = neexecutabil,fara FAIL-1/Jito
pool_outcomes.csv.gz,OUT_FIX60_pnl_usd,number/string,USD/tokeni/lamports/s,"OUTCOME VIITOR al politicii FIX60_pnl_usd: camp usd (entry_qty_tokens, entry_cost_usd, entry_rb/rq, exit_type, first_barrier, exit_ts/slot/rb/rq, exact_liquidation_usd, pnl_usd, ret, mfe/mae_usd, t_mfe/t_mae/t_tp/t_sl_s, same_slot_tp_sl_ambiguity, hold_s; sufixe cost125/cost150/optimistic/latX = stres)",build_external_bundle.py::sim,dupa iesire,OUTCOME,gol = neexecutabil,fara FAIL-1/Jito
pool_outcomes.csv.gz,OUT_FIX60_ret,number/string,USD/tokeni/lamports/s,"OUTCOME VIITOR al politicii FIX60_ret: camp ret (entry_qty_tokens, entry_cost_usd, entry_rb/rq, exit_type, first_barrier, exit_ts/slot/rb/rq, exact_liquidation_usd, pnl_usd, ret, mfe/mae_usd, t_mfe/t_mae/t_tp/t_sl_s, same_slot_tp_sl_ambiguity, hold_s; sufixe cost125/cost150/optimistic/latX = stres)",build_external_bundle.py::sim,dupa iesire,OUTCOME,gol = neexecutabil,fara FAIL-1/Jito
pool_outcomes.csv.gz,OUT_FIX60_same_slot_tp_sl_ambiguity,number/string,USD/tokeni/lamports/s,"OUTCOME VIITOR al politicii FIX60_same_slot: camp tp_sl_ambiguity (entry_qty_tokens, entry_cost_usd, entry_rb/rq, exit_type, first_barrier, exit_ts/slot/rb/rq, exact_liquidation_usd, pnl_usd, ret, mfe/mae_usd, t_mfe/t_mae/t_tp/t_sl_s, same_slot_tp_sl_ambiguity, hold_s; sufixe cost125/cost150/optimistic/latX = stres)",build_external_bundle.py::sim,dupa iesire,OUTCOME,gol = neexecutabil,fara FAIL-1/Jito
pool_outcomes.csv.gz,OUT_FIX60_t_mae_s,number/string,USD/tokeni/lamports/s,"OUTCOME VIITOR al politicii FIX60_t_mae: camp s (entry_qty_tokens, entry_cost_usd, entry_rb/rq, exit_type, first_barrier, exit_ts/slot/rb/rq, exact_liquidation_usd, pnl_usd, ret, mfe/mae_usd, t_mfe/t_mae/t_tp/t_sl_s, same_slot_tp_sl_ambiguity, hold_s; sufixe cost125/cost150/optimistic/latX = stres)",build_external_bundle.py::sim,dupa iesire,OUTCOME,gol = neexecutabil,fara FAIL-1/Jito
pool_outcomes.csv.gz,OUT_FIX60_t_mfe_s,number/string,USD/tokeni/lamports/s,"OUTCOME VIITOR al politicii FIX60_t_mfe: camp s (entry_qty_tokens, entry_cost_usd, entry_rb/rq, exit_type, first_barrier, exit_ts/slot/rb/rq, exact_liquidation_usd, pnl_usd, ret, mfe/mae_usd, t_mfe/t_mae/t_tp/t_sl_s, same_slot_tp_sl_ambiguity, hold_s; sufixe cost125/cost150/optimistic/latX = stres)",build_external_bundle.py::sim,dupa iesire,OUTCOME,gol = neexecutabil,fara FAIL-1/Jito
pool_outcomes.csv.gz,OUT_FIX60_t_sl_s,number/string,USD/tokeni/lamports/s,"OUTCOME VIITOR al politicii FIX60_t_sl: camp s (entry_qty_tokens, entry_cost_usd, entry_rb/rq, exit_type, first_barrier, exit_ts/slot/rb/rq, exact_liquidation_usd, pnl_usd, ret, mfe/mae_usd, t_mfe/t_mae/t_tp/t_sl_s, same_slot_tp_sl_ambiguity, hold_s; sufixe cost125/cost150/optimistic/latX = stres)",build_external_bundle.py::sim,dupa iesire,OUTCOME,gol = neexecutabil,fara FAIL-1/Jito
pool_outcomes.csv.gz,OUT_FIX60_t_tp_s,number/string,USD/tokeni/lamports/s,"OUTCOME VIITOR al politicii FIX60_t_tp: camp s (entry_qty_tokens, entry_cost_usd, entry_rb/rq, exit_type, first_barrier, exit_ts/slot/rb/rq, exact_liquidation_usd, pnl_usd, ret, mfe/mae_usd, t_mfe/t_mae/t_tp/t_sl_s, same_slot_tp_sl_ambiguity, hold_s; sufixe cost125/cost150/optimistic/latX = stres)",build_external_bundle.py::sim,dupa iesire,OUTCOME,gol = neexecutabil,fara FAIL-1/Jito
pool_outcomes.csv.gz,OUT_TP100_SL30_300_cost125_exit_type,number/string,USD/tokeni/lamports/s,"OUTCOME VIITOR al politicii TP100_SL30_300: camp cost125_exit_type (entry_qty_tokens, entry_cost_usd, entry_rb/rq, exit_type, first_barrier, exit_ts/slot/rb/rq, exact_liquidation_usd, pnl_usd, ret, mfe/mae_usd, t_mfe/t_mae/t_tp/t_sl_s, same_slot_tp_sl_ambiguity, hold_s; sufixe cost125/cost150/optimistic/latX = stres)",build_external_bundle.py::sim,dupa iesire,OUTCOME,gol = neexecutabil,fara FAIL-1/Jito
pool_outcomes.csv.gz,OUT_TP100_SL30_300_cost125_pnl_usd,number/string,USD/tokeni/lamports/s,"OUTCOME VIITOR al politicii TP100_SL30_300: camp cost125_pnl_usd (entry_qty_tokens, entry_cost_usd, entry_rb/rq, exit_type, first_barrier, exit_ts/slot/rb/rq, exact_liquidation_usd, pnl_usd, ret, mfe/mae_usd, t_mfe/t_mae/t_tp/t_sl_s, same_slot_tp_sl_ambiguity, hold_s; sufixe cost125/cost150/optimistic/latX = stres)",build_external_bundle.py::sim,dupa iesire,OUTCOME,gol = neexecutabil,fara FAIL-1/Jito
pool_outcomes.csv.gz,OUT_TP100_SL30_300_cost150_exit_type,number/string,USD/tokeni/lamports/s,"OUTCOME VIITOR al politicii TP100_SL30_300: camp cost150_exit_type (entry_qty_tokens, entry_cost_usd, entry_rb/rq, exit_type, first_barrier, exit_ts/slot/rb/rq, exact_liquidation_usd, pnl_usd, ret, mfe/mae_usd, t_mfe/t_mae/t_tp/t_sl_s, same_slot_tp_sl_ambiguity, hold_s; sufixe cost125/cost150/optimistic/latX = stres)",build_external_bundle.py::sim,dupa iesire,OUTCOME,gol = neexecutabil,fara FAIL-1/Jito
pool_outcomes.csv.gz,OUT_TP100_SL30_300_cost150_pnl_usd,number/string,USD/tokeni/lamports/s,"OUTCOME VIITOR al politicii TP100_SL30_300: camp cost150_pnl_usd (entry_qty_tokens, entry_cost_usd, entry_rb/rq, exit_type, first_barrier, exit_ts/slot/rb/rq, exact_liquidation_usd, pnl_usd, ret, mfe/mae_usd, t_mfe/t_mae/t_tp/t_sl_s, same_slot_tp_sl_ambiguity, hold_s; sufixe cost125/cost150/optimistic/latX = stres)",build_external_bundle.py::sim,dupa iesire,OUTCOME,gol = neexecutabil,fara FAIL-1/Jito
pool_outcomes.csv.gz,OUT_TP100_SL30_300_entry_cost_usd,number/string,USD/tokeni/lamports/s,"OUTCOME VIITOR al politicii TP100_SL30_300: camp entry_cost_usd (entry_qty_tokens, entry_cost_usd, entry_rb/rq, exit_type, first_barrier, exit_ts/slot/rb/rq, exact_liquidation_usd, pnl_usd, ret, mfe/mae_usd, t_mfe/t_mae/t_tp/t_sl_s, same_slot_tp_sl_ambiguity, hold_s; sufixe cost125/cost150/optimistic/latX = stres)",build_external_bundle.py::sim,dupa iesire,OUTCOME,gol = neexecutabil,fara FAIL-1/Jito
pool_outcomes.csv.gz,OUT_TP100_SL30_300_entry_fee_bps,number/string,USD/tokeni/lamports/s,"OUTCOME VIITOR al politicii TP100_SL30_300: camp entry_fee_bps (entry_qty_tokens, entry_cost_usd, entry_rb/rq, exit_type, first_barrier, exit_ts/slot/rb/rq, exact_liquidation_usd, pnl_usd, ret, mfe/mae_usd, t_mfe/t_mae/t_tp/t_sl_s, same_slot_tp_sl_ambiguity, hold_s; sufixe cost125/cost150/optimistic/latX = stres)",build_external_bundle.py::sim,dupa iesire,OUTCOME,gol = neexecutabil,fara FAIL-1/Jito
pool_outcomes.csv.gz,OUT_TP100_SL30_300_entry_qty_tokens,number/string,USD/tokeni/lamports/s,"OUTCOME VIITOR al politicii TP100_SL30_300: camp entry_qty_tokens (entry_qty_tokens, entry_cost_usd, entry_rb/rq, exit_type, first_barrier, exit_ts/slot/rb/rq, exact_liquidation_usd, pnl_usd, ret, mfe/mae_usd, t_mfe/t_mae/t_tp/t_sl_s, same_slot_tp_sl_ambiguity, hold_s; sufixe cost125/cost150/optimistic/latX = stres)",build_external_bundle.py::sim,dupa iesire,OUTCOME,gol = neexecutabil,fara FAIL-1/Jito
pool_outcomes.csv.gz,OUT_TP100_SL30_300_entry_quote_in_lamports,number/string,USD/tokeni/lamports/s,"OUTCOME VIITOR al politicii TP100_SL30_300: camp entry_quote_in_lamports (entry_qty_tokens, entry_cost_usd, entry_rb/rq, exit_type, first_barrier, exit_ts/slot/rb/rq, exact_liquidation_usd, pnl_usd, ret, mfe/mae_usd, t_mfe/t_mae/t_tp/t_sl_s, same_slot_tp_sl_ambiguity, hold_s; sufixe cost125/cost150/optimistic/latX = stres)",build_external_bundle.py::sim,dupa iesire,OUTCOME,gol = neexecutabil,fara FAIL-1/Jito
pool_outcomes.csv.gz,OUT_TP100_SL30_300_entry_rb,number/string,USD/tokeni/lamports/s,"OUTCOME VIITOR al politicii TP100_SL30_300: camp entry_rb (entry_qty_tokens, entry_cost_usd, entry_rb/rq, exit_type, first_barrier, exit_ts/slot/rb/rq, exact_liquidation_usd, pnl_usd, ret, mfe/mae_usd, t_mfe/t_mae/t_tp/t_sl_s, same_slot_tp_sl_ambiguity, hold_s; sufixe cost125/cost150/optimistic/latX = stres)",build_external_bundle.py::sim,dupa iesire,OUTCOME,gol = neexecutabil,fara FAIL-1/Jito
pool_outcomes.csv.gz,OUT_TP100_SL30_300_entry_rq,number/string,USD/tokeni/lamports/s,"OUTCOME VIITOR al politicii TP100_SL30_300: camp entry_rq (entry_qty_tokens, entry_cost_usd, entry_rb/rq, exit_type, first_barrier, exit_ts/slot/rb/rq, exact_liquidation_usd, pnl_usd, ret, mfe/mae_usd, t_mfe/t_mae/t_tp/t_sl_s, same_slot_tp_sl_ambiguity, hold_s; sufixe cost125/cost150/optimistic/latX = stres)",build_external_bundle.py::sim,dupa iesire,OUTCOME,gol = neexecutabil,fara FAIL-1/Jito
pool_outcomes.csv.gz,OUT_TP100_SL30_300_entry_slot,number/string,USD/tokeni/lamports/s,"OUTCOME VIITOR al politicii TP100_SL30_300: camp entry_slot (entry_qty_tokens, entry_cost_usd, entry_rb/rq, exit_type, first_barrier, exit_ts/slot/rb/rq, exact_liquidation_usd, pnl_usd, ret, mfe/mae_usd, t_mfe/t_mae/t_tp/t_sl_s, same_slot_tp_sl_ambiguity, hold_s; sufixe cost125/cost150/optimistic/latX = stres)",build_external_bundle.py::sim,dupa iesire,OUTCOME,gol = neexecutabil,fara FAIL-1/Jito
pool_outcomes.csv.gz,OUT_TP100_SL30_300_entry_ts,number/string,USD/tokeni/lamports/s,"OUTCOME VIITOR al politicii TP100_SL30_300: camp entry_ts (entry_qty_tokens, entry_cost_usd, entry_rb/rq, exit_type, first_barrier, exit_ts/slot/rb/rq, exact_liquidation_usd, pnl_usd, ret, mfe/mae_usd, t_mfe/t_mae/t_tp/t_sl_s, same_slot_tp_sl_ambiguity, hold_s; sufixe cost125/cost150/optimistic/latX = stres)",build_external_bundle.py::sim,dupa iesire,OUTCOME,gol = neexecutabil,fara FAIL-1/Jito
pool_outcomes.csv.gz,OUT_TP100_SL30_300_exact_liquidation_usd,number/string,USD/tokeni/lamports/s,"OUTCOME VIITOR al politicii TP100_SL30_300: camp exact_liquidation_usd (entry_qty_tokens, entry_cost_usd, entry_rb/rq, exit_type, first_barrier, exit_ts/slot/rb/rq, exact_liquidation_usd, pnl_usd, ret, mfe/mae_usd, t_mfe/t_mae/t_tp/t_sl_s, same_slot_tp_sl_ambiguity, hold_s; sufixe cost125/cost150/optimistic/latX = stres)",build_external_bundle.py::sim,dupa iesire,OUTCOME,gol = neexecutabil,fara FAIL-1/Jito
pool_outcomes.csv.gz,OUT_TP100_SL30_300_exit_rb,number/string,USD/tokeni/lamports/s,"OUTCOME VIITOR al politicii TP100_SL30_300: camp exit_rb (entry_qty_tokens, entry_cost_usd, entry_rb/rq, exit_type, first_barrier, exit_ts/slot/rb/rq, exact_liquidation_usd, pnl_usd, ret, mfe/mae_usd, t_mfe/t_mae/t_tp/t_sl_s, same_slot_tp_sl_ambiguity, hold_s; sufixe cost125/cost150/optimistic/latX = stres)",build_external_bundle.py::sim,dupa iesire,OUTCOME,gol = neexecutabil,fara FAIL-1/Jito
pool_outcomes.csv.gz,OUT_TP100_SL30_300_exit_rq,number/string,USD/tokeni/lamports/s,"OUTCOME VIITOR al politicii TP100_SL30_300: camp exit_rq (entry_qty_tokens, entry_cost_usd, entry_rb/rq, exit_type, first_barrier, exit_ts/slot/rb/rq, exact_liquidation_usd, pnl_usd, ret, mfe/mae_usd, t_mfe/t_mae/t_tp/t_sl_s, same_slot_tp_sl_ambiguity, hold_s; sufixe cost125/cost150/optimistic/latX = stres)",build_external_bundle.py::sim,dupa iesire,OUTCOME,gol = neexecutabil,fara FAIL-1/Jito
pool_outcomes.csv.gz,OUT_TP100_SL30_300_exit_slot,number/string,USD/tokeni/lamports/s,"OUTCOME VIITOR al politicii TP100_SL30_300: camp exit_slot (entry_qty_tokens, entry_cost_usd, entry_rb/rq, exit_type, first_barrier, exit_ts/slot/rb/rq, exact_liquidation_usd, pnl_usd, ret, mfe/mae_usd, t_mfe/t_mae/t_tp/t_sl_s, same_slot_tp_sl_ambiguity, hold_s; sufixe cost125/cost150/optimistic/latX = stres)",build_external_bundle.py::sim,dupa iesire,OUTCOME,gol = neexecutabil,fara FAIL-1/Jito
pool_outcomes.csv.gz,OUT_TP100_SL30_300_exit_ts,number/string,USD/tokeni/lamports/s,"OUTCOME VIITOR al politicii TP100_SL30_300: camp exit_ts (entry_qty_tokens, entry_cost_usd, entry_rb/rq, exit_type, first_barrier, exit_ts/slot/rb/rq, exact_liquidation_usd, pnl_usd, ret, mfe/mae_usd, t_mfe/t_mae/t_tp/t_sl_s, same_slot_tp_sl_ambiguity, hold_s; sufixe cost125/cost150/optimistic/latX = stres)",build_external_bundle.py::sim,dupa iesire,OUTCOME,gol = neexecutabil,fara FAIL-1/Jito
pool_outcomes.csv.gz,OUT_TP100_SL30_300_exit_type,number/string,USD/tokeni/lamports/s,"OUTCOME VIITOR al politicii TP100_SL30_300: camp exit_type (entry_qty_tokens, entry_cost_usd, entry_rb/rq, exit_type, first_barrier, exit_ts/slot/rb/rq, exact_liquidation_usd, pnl_usd, ret, mfe/mae_usd, t_mfe/t_mae/t_tp/t_sl_s, same_slot_tp_sl_ambiguity, hold_s; sufixe cost125/cost150/optimistic/latX = stres)",build_external_bundle.py::sim,dupa iesire,OUTCOME,gol = neexecutabil,fara FAIL-1/Jito
pool_outcomes.csv.gz,OUT_TP100_SL30_300_first_barrier,number/string,USD/tokeni/lamports/s,"OUTCOME VIITOR al politicii TP100_SL30_300: camp first_barrier (entry_qty_tokens, entry_cost_usd, entry_rb/rq, exit_type, first_barrier, exit_ts/slot/rb/rq, exact_liquidation_usd, pnl_usd, ret, mfe/mae_usd, t_mfe/t_mae/t_tp/t_sl_s, same_slot_tp_sl_ambiguity, hold_s; sufixe cost125/cost150/optimistic/latX = stres)",build_external_bundle.py::sim,dupa iesire,OUTCOME,gol = neexecutabil,fara FAIL-1/Jito
pool_outcomes.csv.gz,OUT_TP100_SL30_300_hold_s,number/string,USD/tokeni/lamports/s,"OUTCOME VIITOR al politicii TP100_SL30_300: camp hold_s (entry_qty_tokens, entry_cost_usd, entry_rb/rq, exit_type, first_barrier, exit_ts/slot/rb/rq, exact_liquidation_usd, pnl_usd, ret, mfe/mae_usd, t_mfe/t_mae/t_tp/t_sl_s, same_slot_tp_sl_ambiguity, hold_s; sufixe cost125/cost150/optimistic/latX = stres)",build_external_bundle.py::sim,dupa iesire,OUTCOME,gol = neexecutabil,fara FAIL-1/Jito
pool_outcomes.csv.gz,OUT_TP100_SL30_300_lat0.8_pnl_usd,number/string,USD/tokeni/lamports/s,"OUTCOME VIITOR al politicii TP100_SL30_300: camp lat0.8_pnl_usd (entry_qty_tokens, entry_cost_usd, entry_rb/rq, exit_type, first_barrier, exit_ts/slot/rb/rq, exact_liquidation_usd, pnl_usd, ret, mfe/mae_usd, t_mfe/t_mae/t_tp/t_sl_s, same_slot_tp_sl_ambiguity, hold_s; sufixe cost125/cost150/optimistic/latX = stres)",build_external_bundle.py::sim,dupa iesire,OUTCOME,gol = neexecutabil,fara FAIL-1/Jito
pool_outcomes.csv.gz,OUT_TP100_SL30_300_lat1.2_pnl_usd,number/string,USD/tokeni/lamports/s,"OUTCOME VIITOR al politicii TP100_SL30_300: camp lat1.2_pnl_usd (entry_qty_tokens, entry_cost_usd, entry_rb/rq, exit_type, first_barrier, exit_ts/slot/rb/rq, exact_liquidation_usd, pnl_usd, ret, mfe/mae_usd, t_mfe/t_mae/t_tp/t_sl_s, same_slot_tp_sl_ambiguity, hold_s; sufixe cost125/cost150/optimistic/latX = stres)",build_external_bundle.py::sim,dupa iesire,OUTCOME,gol = neexecutabil,fara FAIL-1/Jito
pool_outcomes.csv.gz,OUT_TP100_SL30_300_lat5.0_pnl_usd,number/string,USD/tokeni/lamports/s,"OUTCOME VIITOR al politicii TP100_SL30_300: camp lat5.0_pnl_usd (entry_qty_tokens, entry_cost_usd, entry_rb/rq, exit_type, first_barrier, exit_ts/slot/rb/rq, exact_liquidation_usd, pnl_usd, ret, mfe/mae_usd, t_mfe/t_mae/t_tp/t_sl_s, same_slot_tp_sl_ambiguity, hold_s; sufixe cost125/cost150/optimistic/latX = stres)",build_external_bundle.py::sim,dupa iesire,OUTCOME,gol = neexecutabil,fara FAIL-1/Jito
pool_outcomes.csv.gz,OUT_TP100_SL30_300_mae_usd,number/string,USD/tokeni/lamports/s,"OUTCOME VIITOR al politicii TP100_SL30_300: camp mae_usd (entry_qty_tokens, entry_cost_usd, entry_rb/rq, exit_type, first_barrier, exit_ts/slot/rb/rq, exact_liquidation_usd, pnl_usd, ret, mfe/mae_usd, t_mfe/t_mae/t_tp/t_sl_s, same_slot_tp_sl_ambiguity, hold_s; sufixe cost125/cost150/optimistic/latX = stres)",build_external_bundle.py::sim,dupa iesire,OUTCOME,gol = neexecutabil,fara FAIL-1/Jito
pool_outcomes.csv.gz,OUT_TP100_SL30_300_mfe_usd,number/string,USD/tokeni/lamports/s,"OUTCOME VIITOR al politicii TP100_SL30_300: camp mfe_usd (entry_qty_tokens, entry_cost_usd, entry_rb/rq, exit_type, first_barrier, exit_ts/slot/rb/rq, exact_liquidation_usd, pnl_usd, ret, mfe/mae_usd, t_mfe/t_mae/t_tp/t_sl_s, same_slot_tp_sl_ambiguity, hold_s; sufixe cost125/cost150/optimistic/latX = stres)",build_external_bundle.py::sim,dupa iesire,OUTCOME,gol = neexecutabil,fara FAIL-1/Jito
pool_outcomes.csv.gz,OUT_TP100_SL30_300_optimistic_exit_type,number/string,USD/tokeni/lamports/s,"OUTCOME VIITOR al politicii TP100_SL30_300: camp optimistic_exit_type (entry_qty_tokens, entry_cost_usd, entry_rb/rq, exit_type, first_barrier, exit_ts/slot/rb/rq, exact_liquidation_usd, pnl_usd, ret, mfe/mae_usd, t_mfe/t_mae/t_tp/t_sl_s, same_slot_tp_sl_ambiguity, hold_s; sufixe cost125/cost150/optimistic/latX = stres)",build_external_bundle.py::sim,dupa iesire,OUTCOME,gol = neexecutabil,fara FAIL-1/Jito
pool_outcomes.csv.gz,OUT_TP100_SL30_300_optimistic_pnl_usd,number/string,USD/tokeni/lamports/s,"OUTCOME VIITOR al politicii TP100_SL30_300: camp optimistic_pnl_usd (entry_qty_tokens, entry_cost_usd, entry_rb/rq, exit_type, first_barrier, exit_ts/slot/rb/rq, exact_liquidation_usd, pnl_usd, ret, mfe/mae_usd, t_mfe/t_mae/t_tp/t_sl_s, same_slot_tp_sl_ambiguity, hold_s; sufixe cost125/cost150/optimistic/latX = stres)",build_external_bundle.py::sim,dupa iesire,OUTCOME,gol = neexecutabil,fara FAIL-1/Jito
pool_outcomes.csv.gz,OUT_TP100_SL30_300_pnl_usd,number/string,USD/tokeni/lamports/s,"OUTCOME VIITOR al politicii TP100_SL30_300: camp pnl_usd (entry_qty_tokens, entry_cost_usd, entry_rb/rq, exit_type, first_barrier, exit_ts/slot/rb/rq, exact_liquidation_usd, pnl_usd, ret, mfe/mae_usd, t_mfe/t_mae/t_tp/t_sl_s, same_slot_tp_sl_ambiguity, hold_s; sufixe cost125/cost150/optimistic/latX = stres)",build_external_bundle.py::sim,dupa iesire,OUTCOME,gol = neexecutabil,fara FAIL-1/Jito
pool_outcomes.csv.gz,OUT_TP100_SL30_300_ret,number/string,USD/tokeni/lamports/s,"OUTCOME VIITOR al politicii TP100_SL30_300: camp ret (entry_qty_tokens, entry_cost_usd, entry_rb/rq, exit_type, first_barrier, exit_ts/slot/rb/rq, exact_liquidation_usd, pnl_usd, ret, mfe/mae_usd, t_mfe/t_mae/t_tp/t_sl_s, same_slot_tp_sl_ambiguity, hold_s; sufixe cost125/cost150/optimistic/latX = stres)",build_external_bundle.py::sim,dupa iesire,OUTCOME,gol = neexecutabil,fara FAIL-1/Jito
pool_outcomes.csv.gz,OUT_TP100_SL30_300_same_slot_tp_sl_ambiguity,number/string,USD/tokeni/lamports/s,"OUTCOME VIITOR al politicii TP100_SL30_300: camp same_slot_tp_sl_ambiguity (entry_qty_tokens, entry_cost_usd, entry_rb/rq, exit_type, first_barrier, exit_ts/slot/rb/rq, exact_liquidation_usd, pnl_usd, ret, mfe/mae_usd, t_mfe/t_mae/t_tp/t_sl_s, same_slot_tp_sl_ambiguity, hold_s; sufixe cost125/cost150/optimistic/latX = stres)",build_external_bundle.py::sim,dupa iesire,OUTCOME,gol = neexecutabil,fara FAIL-1/Jito
pool_outcomes.csv.gz,OUT_TP100_SL30_300_t_mae_s,number/string,USD/tokeni/lamports/s,"OUTCOME VIITOR al politicii TP100_SL30_300: camp t_mae_s (entry_qty_tokens, entry_cost_usd, entry_rb/rq, exit_type, first_barrier, exit_ts/slot/rb/rq, exact_liquidation_usd, pnl_usd, ret, mfe/mae_usd, t_mfe/t_mae/t_tp/t_sl_s, same_slot_tp_sl_ambiguity, hold_s; sufixe cost125/cost150/optimistic/latX = stres)",build_external_bundle.py::sim,dupa iesire,OUTCOME,gol = neexecutabil,fara FAIL-1/Jito
pool_outcomes.csv.gz,OUT_TP100_SL30_300_t_mfe_s,number/string,USD/tokeni/lamports/s,"OUTCOME VIITOR al politicii TP100_SL30_300: camp t_mfe_s (entry_qty_tokens, entry_cost_usd, entry_rb/rq, exit_type, first_barrier, exit_ts/slot/rb/rq, exact_liquidation_usd, pnl_usd, ret, mfe/mae_usd, t_mfe/t_mae/t_tp/t_sl_s, same_slot_tp_sl_ambiguity, hold_s; sufixe cost125/cost150/optimistic/latX = stres)",build_external_bundle.py::sim,dupa iesire,OUTCOME,gol = neexecutabil,fara FAIL-1/Jito
pool_outcomes.csv.gz,OUT_TP100_SL30_300_t_sl_s,number/string,USD/tokeni/lamports/s,"OUTCOME VIITOR al politicii TP100_SL30_300: camp t_sl_s (entry_qty_tokens, entry_cost_usd, entry_rb/rq, exit_type, first_barrier, exit_ts/slot/rb/rq, exact_liquidation_usd, pnl_usd, ret, mfe/mae_usd, t_mfe/t_mae/t_tp/t_sl_s, same_slot_tp_sl_ambiguity, hold_s; sufixe cost125/cost150/optimistic/latX = stres)",build_external_bundle.py::sim,dupa iesire,OUTCOME,gol = neexecutabil,fara FAIL-1/Jito
pool_outcomes.csv.gz,OUT_TP100_SL30_300_t_tp_s,number/string,USD/tokeni/lamports/s,"OUTCOME VIITOR al politicii TP100_SL30_300: camp t_tp_s (entry_qty_tokens, entry_cost_usd, entry_rb/rq, exit_type, first_barrier, exit_ts/slot/rb/rq, exact_liquidation_usd, pnl_usd, ret, mfe/mae_usd, t_mfe/t_mae/t_tp/t_sl_s, same_slot_tp_sl_ambiguity, hold_s; sufixe cost125/cost150/optimistic/latX = stres)",build_external_bundle.py::sim,dupa iesire,OUTCOME,gol = neexecutabil,fara FAIL-1/Jito
pool_outcomes.csv.gz,OUT_TP50_SL20_300_entry_cost_usd,number/string,USD/tokeni/lamports/s,"OUTCOME VIITOR al politicii TP50_SL20_300: camp entry_cost_usd (entry_qty_tokens, entry_cost_usd, entry_rb/rq, exit_type, first_barrier, exit_ts/slot/rb/rq, exact_liquidation_usd, pnl_usd, ret, mfe/mae_usd, t_mfe/t_mae/t_tp/t_sl_s, same_slot_tp_sl_ambiguity, hold_s; sufixe cost125/cost150/optimistic/latX = stres)",build_external_bundle.py::sim,dupa iesire,OUTCOME,gol = neexecutabil,fara FAIL-1/Jito
pool_outcomes.csv.gz,OUT_TP50_SL20_300_entry_fee_bps,number/string,USD/tokeni/lamports/s,"OUTCOME VIITOR al politicii TP50_SL20_300: camp entry_fee_bps (entry_qty_tokens, entry_cost_usd, entry_rb/rq, exit_type, first_barrier, exit_ts/slot/rb/rq, exact_liquidation_usd, pnl_usd, ret, mfe/mae_usd, t_mfe/t_mae/t_tp/t_sl_s, same_slot_tp_sl_ambiguity, hold_s; sufixe cost125/cost150/optimistic/latX = stres)",build_external_bundle.py::sim,dupa iesire,OUTCOME,gol = neexecutabil,fara FAIL-1/Jito
pool_outcomes.csv.gz,OUT_TP50_SL20_300_entry_qty_tokens,number/string,USD/tokeni/lamports/s,"OUTCOME VIITOR al politicii TP50_SL20_300: camp entry_qty_tokens (entry_qty_tokens, entry_cost_usd, entry_rb/rq, exit_type, first_barrier, exit_ts/slot/rb/rq, exact_liquidation_usd, pnl_usd, ret, mfe/mae_usd, t_mfe/t_mae/t_tp/t_sl_s, same_slot_tp_sl_ambiguity, hold_s; sufixe cost125/cost150/optimistic/latX = stres)",build_external_bundle.py::sim,dupa iesire,OUTCOME,gol = neexecutabil,fara FAIL-1/Jito
pool_outcomes.csv.gz,OUT_TP50_SL20_300_entry_quote_in_lamports,number/string,USD/tokeni/lamports/s,"OUTCOME VIITOR al politicii TP50_SL20_300: camp entry_quote_in_lamports (entry_qty_tokens, entry_cost_usd, entry_rb/rq, exit_type, first_barrier, exit_ts/slot/rb/rq, exact_liquidation_usd, pnl_usd, ret, mfe/mae_usd, t_mfe/t_mae/t_tp/t_sl_s, same_slot_tp_sl_ambiguity, hold_s; sufixe cost125/cost150/optimistic/latX = stres)",build_external_bundle.py::sim,dupa iesire,OUTCOME,gol = neexecutabil,fara FAIL-1/Jito
pool_outcomes.csv.gz,OUT_TP50_SL20_300_entry_rb,number/string,USD/tokeni/lamports/s,"OUTCOME VIITOR al politicii TP50_SL20_300: camp entry_rb (entry_qty_tokens, entry_cost_usd, entry_rb/rq, exit_type, first_barrier, exit_ts/slot/rb/rq, exact_liquidation_usd, pnl_usd, ret, mfe/mae_usd, t_mfe/t_mae/t_tp/t_sl_s, same_slot_tp_sl_ambiguity, hold_s; sufixe cost125/cost150/optimistic/latX = stres)",build_external_bundle.py::sim,dupa iesire,OUTCOME,gol = neexecutabil,fara FAIL-1/Jito
pool_outcomes.csv.gz,OUT_TP50_SL20_300_entry_rq,number/string,USD/tokeni/lamports/s,"OUTCOME VIITOR al politicii TP50_SL20_300: camp entry_rq (entry_qty_tokens, entry_cost_usd, entry_rb/rq, exit_type, first_barrier, exit_ts/slot/rb/rq, exact_liquidation_usd, pnl_usd, ret, mfe/mae_usd, t_mfe/t_mae/t_tp/t_sl_s, same_slot_tp_sl_ambiguity, hold_s; sufixe cost125/cost150/optimistic/latX = stres)",build_external_bundle.py::sim,dupa iesire,OUTCOME,gol = neexecutabil,fara FAIL-1/Jito
pool_outcomes.csv.gz,OUT_TP50_SL20_300_entry_slot,number/string,USD/tokeni/lamports/s,"OUTCOME VIITOR al politicii TP50_SL20_300: camp entry_slot (entry_qty_tokens, entry_cost_usd, entry_rb/rq, exit_type, first_barrier, exit_ts/slot/rb/rq, exact_liquidation_usd, pnl_usd, ret, mfe/mae_usd, t_mfe/t_mae/t_tp/t_sl_s, same_slot_tp_sl_ambiguity, hold_s; sufixe cost125/cost150/optimistic/latX = stres)",build_external_bundle.py::sim,dupa iesire,OUTCOME,gol = neexecutabil,fara FAIL-1/Jito
pool_outcomes.csv.gz,OUT_TP50_SL20_300_entry_ts,number/string,USD/tokeni/lamports/s,"OUTCOME VIITOR al politicii TP50_SL20_300: camp entry_ts (entry_qty_tokens, entry_cost_usd, entry_rb/rq, exit_type, first_barrier, exit_ts/slot/rb/rq, exact_liquidation_usd, pnl_usd, ret, mfe/mae_usd, t_mfe/t_mae/t_tp/t_sl_s, same_slot_tp_sl_ambiguity, hold_s; sufixe cost125/cost150/optimistic/latX = stres)",build_external_bundle.py::sim,dupa iesire,OUTCOME,gol = neexecutabil,fara FAIL-1/Jito
pool_outcomes.csv.gz,OUT_TP50_SL20_300_exact_liquidation_usd,number/string,USD/tokeni/lamports/s,"OUTCOME VIITOR al politicii TP50_SL20_300: camp exact_liquidation_usd (entry_qty_tokens, entry_cost_usd, entry_rb/rq, exit_type, first_barrier, exit_ts/slot/rb/rq, exact_liquidation_usd, pnl_usd, ret, mfe/mae_usd, t_mfe/t_mae/t_tp/t_sl_s, same_slot_tp_sl_ambiguity, hold_s; sufixe cost125/cost150/optimistic/latX = stres)",build_external_bundle.py::sim,dupa iesire,OUTCOME,gol = neexecutabil,fara FAIL-1/Jito
pool_outcomes.csv.gz,OUT_TP50_SL20_300_exit_rb,number/string,USD/tokeni/lamports/s,"OUTCOME VIITOR al politicii TP50_SL20_300: camp exit_rb (entry_qty_tokens, entry_cost_usd, entry_rb/rq, exit_type, first_barrier, exit_ts/slot/rb/rq, exact_liquidation_usd, pnl_usd, ret, mfe/mae_usd, t_mfe/t_mae/t_tp/t_sl_s, same_slot_tp_sl_ambiguity, hold_s; sufixe cost125/cost150/optimistic/latX = stres)",build_external_bundle.py::sim,dupa iesire,OUTCOME,gol = neexecutabil,fara FAIL-1/Jito
pool_outcomes.csv.gz,OUT_TP50_SL20_300_exit_rq,number/string,USD/tokeni/lamports/s,"OUTCOME VIITOR al politicii TP50_SL20_300: camp exit_rq (entry_qty_tokens, entry_cost_usd, entry_rb/rq, exit_type, first_barrier, exit_ts/slot/rb/rq, exact_liquidation_usd, pnl_usd, ret, mfe/mae_usd, t_mfe/t_mae/t_tp/t_sl_s, same_slot_tp_sl_ambiguity, hold_s; sufixe cost125/cost150/optimistic/latX = stres)",build_external_bundle.py::sim,dupa iesire,OUTCOME,gol = neexecutabil,fara FAIL-1/Jito
pool_outcomes.csv.gz,OUT_TP50_SL20_300_exit_slot,number/string,USD/tokeni/lamports/s,"OUTCOME VIITOR al politicii TP50_SL20_300: camp exit_slot (entry_qty_tokens, entry_cost_usd, entry_rb/rq, exit_type, first_barrier, exit_ts/slot/rb/rq, exact_liquidation_usd, pnl_usd, ret, mfe/mae_usd, t_mfe/t_mae/t_tp/t_sl_s, same_slot_tp_sl_ambiguity, hold_s; sufixe cost125/cost150/optimistic/latX = stres)",build_external_bundle.py::sim,dupa iesire,OUTCOME,gol = neexecutabil,fara FAIL-1/Jito
pool_outcomes.csv.gz,OUT_TP50_SL20_300_exit_ts,number/string,USD/tokeni/lamports/s,"OUTCOME VIITOR al politicii TP50_SL20_300: camp exit_ts (entry_qty_tokens, entry_cost_usd, entry_rb/rq, exit_type, first_barrier, exit_ts/slot/rb/rq, exact_liquidation_usd, pnl_usd, ret, mfe/mae_usd, t_mfe/t_mae/t_tp/t_sl_s, same_slot_tp_sl_ambiguity, hold_s; sufixe cost125/cost150/optimistic/latX = stres)",build_external_bundle.py::sim,dupa iesire,OUTCOME,gol = neexecutabil,fara FAIL-1/Jito
pool_outcomes.csv.gz,OUT_TP50_SL20_300_exit_type,number/string,USD/tokeni/lamports/s,"OUTCOME VIITOR al politicii TP50_SL20_300: camp exit_type (entry_qty_tokens, entry_cost_usd, entry_rb/rq, exit_type, first_barrier, exit_ts/slot/rb/rq, exact_liquidation_usd, pnl_usd, ret, mfe/mae_usd, t_mfe/t_mae/t_tp/t_sl_s, same_slot_tp_sl_ambiguity, hold_s; sufixe cost125/cost150/optimistic/latX = stres)",build_external_bundle.py::sim,dupa iesire,OUTCOME,gol = neexecutabil,fara FAIL-1/Jito
pool_outcomes.csv.gz,OUT_TP50_SL20_300_first_barrier,number/string,USD/tokeni/lamports/s,"OUTCOME VIITOR al politicii TP50_SL20_300: camp first_barrier (entry_qty_tokens, entry_cost_usd, entry_rb/rq, exit_type, first_barrier, exit_ts/slot/rb/rq, exact_liquidation_usd, pnl_usd, ret, mfe/mae_usd, t_mfe/t_mae/t_tp/t_sl_s, same_slot_tp_sl_ambiguity, hold_s; sufixe cost125/cost150/optimistic/latX = stres)",build_external_bundle.py::sim,dupa iesire,OUTCOME,gol = neexecutabil,fara FAIL-1/Jito
pool_outcomes.csv.gz,OUT_TP50_SL20_300_hold_s,number/string,USD/tokeni/lamports/s,"OUTCOME VIITOR al politicii TP50_SL20_300: camp hold_s (entry_qty_tokens, entry_cost_usd, entry_rb/rq, exit_type, first_barrier, exit_ts/slot/rb/rq, exact_liquidation_usd, pnl_usd, ret, mfe/mae_usd, t_mfe/t_mae/t_tp/t_sl_s, same_slot_tp_sl_ambiguity, hold_s; sufixe cost125/cost150/optimistic/latX = stres)",build_external_bundle.py::sim,dupa iesire,OUTCOME,gol = neexecutabil,fara FAIL-1/Jito
pool_outcomes.csv.gz,OUT_TP50_SL20_300_mae_usd,number/string,USD/tokeni/lamports/s,"OUTCOME VIITOR al politicii TP50_SL20_300: camp mae_usd (entry_qty_tokens, entry_cost_usd, entry_rb/rq, exit_type, first_barrier, exit_ts/slot/rb/rq, exact_liquidation_usd, pnl_usd, ret, mfe/mae_usd, t_mfe/t_mae/t_tp/t_sl_s, same_slot_tp_sl_ambiguity, hold_s; sufixe cost125/cost150/optimistic/latX = stres)",build_external_bundle.py::sim,dupa iesire,OUTCOME,gol = neexecutabil,fara FAIL-1/Jito
pool_outcomes.csv.gz,OUT_TP50_SL20_300_mfe_usd,number/string,USD/tokeni/lamports/s,"OUTCOME VIITOR al politicii TP50_SL20_300: camp mfe_usd (entry_qty_tokens, entry_cost_usd, entry_rb/rq, exit_type, first_barrier, exit_ts/slot/rb/rq, exact_liquidation_usd, pnl_usd, ret, mfe/mae_usd, t_mfe/t_mae/t_tp/t_sl_s, same_slot_tp_sl_ambiguity, hold_s; sufixe cost125/cost150/optimistic/latX = stres)",build_external_bundle.py::sim,dupa iesire,OUTCOME,gol = neexecutabil,fara FAIL-1/Jito
pool_outcomes.csv.gz,OUT_TP50_SL20_300_pnl_usd,number/string,USD/tokeni/lamports/s,"OUTCOME VIITOR al politicii TP50_SL20_300: camp pnl_usd (entry_qty_tokens, entry_cost_usd, entry_rb/rq, exit_type, first_barrier, exit_ts/slot/rb/rq, exact_liquidation_usd, pnl_usd, ret, mfe/mae_usd, t_mfe/t_mae/t_tp/t_sl_s, same_slot_tp_sl_ambiguity, hold_s; sufixe cost125/cost150/optimistic/latX = stres)",build_external_bundle.py::sim,dupa iesire,OUTCOME,gol = neexecutabil,fara FAIL-1/Jito
pool_outcomes.csv.gz,OUT_TP50_SL20_300_ret,number/string,USD/tokeni/lamports/s,"OUTCOME VIITOR al politicii TP50_SL20_300: camp ret (entry_qty_tokens, entry_cost_usd, entry_rb/rq, exit_type, first_barrier, exit_ts/slot/rb/rq, exact_liquidation_usd, pnl_usd, ret, mfe/mae_usd, t_mfe/t_mae/t_tp/t_sl_s, same_slot_tp_sl_ambiguity, hold_s; sufixe cost125/cost150/optimistic/latX = stres)",build_external_bundle.py::sim,dupa iesire,OUTCOME,gol = neexecutabil,fara FAIL-1/Jito
pool_outcomes.csv.gz,OUT_TP50_SL20_300_same_slot_tp_sl_ambiguity,number/string,USD/tokeni/lamports/s,"OUTCOME VIITOR al politicii TP50_SL20_300: camp same_slot_tp_sl_ambiguity (entry_qty_tokens, entry_cost_usd, entry_rb/rq, exit_type, first_barrier, exit_ts/slot/rb/rq, exact_liquidation_usd, pnl_usd, ret, mfe/mae_usd, t_mfe/t_mae/t_tp/t_sl_s, same_slot_tp_sl_ambiguity, hold_s; sufixe cost125/cost150/optimistic/latX = stres)",build_external_bundle.py::sim,dupa iesire,OUTCOME,gol = neexecutabil,fara FAIL-1/Jito
pool_outcomes.csv.gz,OUT_TP50_SL20_300_t_mae_s,number/string,USD/tokeni/lamports/s,"OUTCOME VIITOR al politicii TP50_SL20_300: camp t_mae_s (entry_qty_tokens, entry_cost_usd, entry_rb/rq, exit_type, first_barrier, exit_ts/slot/rb/rq, exact_liquidation_usd, pnl_usd, ret, mfe/mae_usd, t_mfe/t_mae/t_tp/t_sl_s, same_slot_tp_sl_ambiguity, hold_s; sufixe cost125/cost150/optimistic/latX = stres)",build_external_bundle.py::sim,dupa iesire,OUTCOME,gol = neexecutabil,fara FAIL-1/Jito
pool_outcomes.csv.gz,OUT_TP50_SL20_300_t_mfe_s,number/string,USD/tokeni/lamports/s,"OUTCOME VIITOR al politicii TP50_SL20_300: camp t_mfe_s (entry_qty_tokens, entry_cost_usd, entry_rb/rq, exit_type, first_barrier, exit_ts/slot/rb/rq, exact_liquidation_usd, pnl_usd, ret, mfe/mae_usd, t_mfe/t_mae/t_tp/t_sl_s, same_slot_tp_sl_ambiguity, hold_s; sufixe cost125/cost150/optimistic/latX = stres)",build_external_bundle.py::sim,dupa iesire,OUTCOME,gol = neexecutabil,fara FAIL-1/Jito
pool_outcomes.csv.gz,OUT_TP50_SL20_300_t_sl_s,number/string,USD/tokeni/lamports/s,"OUTCOME VIITOR al politicii TP50_SL20_300: camp t_sl_s (entry_qty_tokens, entry_cost_usd, entry_rb/rq, exit_type, first_barrier, exit_ts/slot/rb/rq, exact_liquidation_usd, pnl_usd, ret, mfe/mae_usd, t_mfe/t_mae/t_tp/t_sl_s, same_slot_tp_sl_ambiguity, hold_s; sufixe cost125/cost150/optimistic/latX = stres)",build_external_bundle.py::sim,dupa iesire,OUTCOME,gol = neexecutabil,fara FAIL-1/Jito
pool_outcomes.csv.gz,OUT_TP50_SL20_300_t_tp_s,number/string,USD/tokeni/lamports/s,"OUTCOME VIITOR al politicii TP50_SL20_300: camp t_tp_s (entry_qty_tokens, entry_cost_usd, entry_rb/rq, exit_type, first_barrier, exit_ts/slot/rb/rq, exact_liquidation_usd, pnl_usd, ret, mfe/mae_usd, t_mfe/t_mae/t_tp/t_sl_s, same_slot_tp_sl_ambiguity, hold_s; sufixe cost125/cost150/optimistic/latX = stres)",build_external_bundle.py::sim,dupa iesire,OUTCOME,gol = neexecutabil,fara FAIL-1/Jito
shadow_trade_ledger.csv.gz,pool_id,string(hex32),-,sha256('external-review-v1:'+pool_address)[:32],CreatePoolEvent / pool tape,la crearea pool-ului,KEY,-,hash unidirectional; nu se poate inversa
shadow_trade_ledger.csv.gz,mint_id,string(hex32),-,sha256('external-review-v1:'+mint)[:32],CreateEvent/CompleteEvent,la creare,KEY,-,idem
shadow_trade_ledger.csv.gz,date_utc,date,UTC,zi UTC a CompleteEvent,CompleteEvent.ts,-,META,-,-
shadow_trade_ledger.csv.gz,source,string,-,SEP01_HIST24_VAULT_BALANCES | PROSPECTIVE_TAPE_EVENTS,colector,-,META,-,"SEP01: solduri vault, fara portofele"
shadow_trade_ledger.csv.gz,fee_mode,string,-,OBSERVED_EVENT_BPS | TIER_TABLE,-,-,META,-,SEP01 foloseste tabelul de tiere (pumpswap_fees.py)
shadow_trade_ledger.csv.gz,ordering_quality,string,-,EXACT_SLOT_TXINDEX | SLOT_ARRIVAL_NO_TXINDEX,-,-,META,-,-
shadow_trade_ledger.csv.gz,complete_ts,int,s epoch,ts on-chain al tranzactiei care completeaza curba,CompleteEvent (ts al TradeEvent din aceeasi tx; SEP01 blockTime),la completare,META/PIT,-,rezolutie 1 s
shadow_trade_ledger.csv.gz,complete_slot,int,slot,slotul CompleteEvent,-,-,META,-,-
shadow_trade_ledger.csv.gz,eligibility_ts,int,s epoch,complete_ts+7,-,-,PIT,-,-
shadow_trade_ledger.csv.gz,shadow_entry_ts,float,s epoch,= eligibility_ts (stare dupa toate evenimentele cu ts<=X),-,-,PIT,-,-
shadow_trade_ledger.csv.gz,shadow_entry_slot,int,slot,-,-,-,PIT,-,-
shadow_trade_ledger.csv.gz,notional_usd,float,USD,-,-,-,META,-,-
shadow_trade_ledger.csv.gz,entry_qty_tokens,int,tokeni bruti,"cantitatea cumparata exact (CP cu vq, taxe)",-,-,OUTCOME,-,-
shadow_trade_ledger.csv.gz,entry_quote_in_lamports,int,lamports,quote intrat in pool (net + lp fee),-,-,OUTCOME,-,-
shadow_trade_ledger.csv.gz,entry_rb,int,tokeni bruti,rezerva de baza la intrare,-,-,PIT,-,-
shadow_trade_ledger.csv.gz,entry_rq,int,lamports,rezerva reala de quote la intrare,-,-,PIT,-,-
shadow_trade_ledger.csv.gz,exit_kind,string,-,OUTCOME VIITOR: TP/SL/TIMEOUT (SL primul in acelasi slot),-,-,OUTCOME,-,-
shadow_trade_ledger.csv.gz,exit_value_usd,float,USD,OUTCOME VIITOR: lichidare exacta la iesire,-,-,OUTCOME,-,-
shadow_trade_ledger.csv.gz,exit_ts,float,s epoch,OUTCOME VIITOR,-,-,OUTCOME,-,-
shadow_trade_ledger.csv.gz,SHADOW_RESOLUTION_TIME,float,s epoch,momentul din care rezultatul shadow este cunoscut (= exit_ts),-,-,OUTCOME,-,-
shadow_trade_ledger.csv.gz,pnl_usd,float,USD,OUTCOME VIITOR: exit_value - 25 - 0.02 (prioritate 2 tx),-,-,OUTCOME,-,-
shadow_trade_ledger.csv.gz,hold_s,float,s,-,-,-,OUTCOME,-,-
shadow_trade_ledger.csv.gz,mfe_usd,float,USD,OUTCOME VIITOR: excursia favorabila maxima (lichidare exacta - notional),-,-,OUTCOME,-,-
shadow_trade_ledger.csv.gz,mae_usd,float,USD,OUTCOME VIITOR: excursia adversa maxima,-,-,OUTCOME,-,-
shadow_trade_ledger.csv.gz,pnl_optimistic_usd,float,USD,OUTCOME: ordonare optimista (stare cu ts<X; TP primul),-,-,OUTCOME,-,-
shadow_trade_ledger.csv.gz,pnl_cost125_usd,float,USD,OUTCOME: taxe x1.25,-,-,OUTCOME,-,-
shadow_trade_ledger.csv.gz,pnl_cost150_usd,float,USD,OUTCOME: taxe x1.5,-,-,OUTCOME,-,-
shadow_trade_ledger.csv.gz,pnl_latency_plus5_usd,float,USD,OUTCOME: intrare la Complete+12 s,-,-,OUTCOME,-,-
regime_blocks.csv,block_start_utc,string,UTC,inceputul blocului de 15 min,-,-,KEY,-,-
regime_blocks.csv,decision_ts,int,s epoch,pool_creation_ts + h,-,-,PIT,-,-
regime_blocks.csv,date_utc,date,UTC,zi UTC a CompleteEvent,CompleteEvent.ts,-,META,-,-
regime_blocks.csv,n_window_entries,int,-,"shadow-uri cu intrarea in [B-60 min, B)",-,-,PIT,-,-
regime_blocks.csv,n_unresolved_excluded,int,-,"din fereastra, nerezolvate la B (excluse)",-,-,PIT,-,-
regime_blocks.csv,gate_N,int,-,N rezolvate,-,-,PIT,-,-
regime_blocks.csv,gate_trimmed_mean,float,USD,medie trimata 10 % (k=floor(0.1N) eliminate la fiecare capat),-,-,PIT,-,-
regime_blocks.csv,gate_PF,float,-,profit factor al ferestrei,-,-,PIT,inf daca fara pierderi,-
regime_blocks.csv,gate_median,float,USD,-,-,-,PIT,-,-
regime_blocks.csv,gate_ex_best_1_EV,float,USD,EV fara cea mai buna tranzactie,-,-,PIT,-,-
regime_blocks.csv,gate_EV_first30,float,USD,"EV al intrarilor din [B-60,B-30)",-,-,PIT,gol = fara observatii,-
regime_blocks.csv,gate_EV_second30,float,USD,"EV al intrarilor din [B-30,B)",-,-,PIT,-,-
regime_blocks.csv,REGIME_ON,int 0/1,-,toate cele 7 conditii ale portii,spec,la inceputul blocului,PIT,-,-
regime_blocks.csv,migrations_available_in_block,int,-,migrari eligibile cu eligibilitate in bloc,-,-,PIT,-,-
regime_blocks.csv,selected_pool_id,string,-,pool-ul tranzactionat de strategie in bloc,-,-,PIT,gol = niciunul,-
regime_blocks.csv,skip_reason,string,-,-,-,-,META,-,-
regime_blocks.csv,no_future_fields_in_decision,string,-,YES,-,-,META,-,-
regime_blocks.csv,OUTCOME_strategy_pnl_usd,float,USD,OUTCOME VIITOR: PnL al tranzactiei strategiei ($25),-,dupa iesire,OUTCOME,gol = fara tranzactie,-
regime_blocks.csv,OUTCOME_strategy_exit_kind,string,-,OUTCOME VIITOR: TP/SL/TIMEOUT,-,-,OUTCOME,-,-
regime_executed_trades.csv,block_start_utc,string,UTC,inceputul blocului de 15 min,-,-,KEY,-,-
regime_executed_trades.csv,block_decision_ts,-,-,vezi README,-,-,META,-,-
regime_executed_trades.csv,pool_id,string(hex32),-,sha256('external-review-v1:'+pool_address)[:32],CreatePoolEvent / pool tape,la crearea pool-ului,KEY,-,hash unidirectional; nu se poate inversa
regime_executed_trades.csv,mint_id,string(hex32),-,sha256('external-review-v1:'+mint)[:32],CreateEvent/CompleteEvent,la creare,KEY,-,idem
regime_executed_trades.csv,regime_decision,-,-,vezi README,-,-,META,-,-
regime_executed_trades.csv,complete_ts,int,s epoch,ts on-chain al tranzactiei care completeaza curba,CompleteEvent (ts al TradeEvent din aceeasi tx; SEP01 blockTime),la completare,META/PIT,-,rezolutie 1 s
regime_executed_trades.csv,eligibility_ts,int,s epoch,complete_ts+7,-,-,PIT,-,-
regime_executed_trades.csv,entry_ts,-,-,vezi README,-,-,META,-,-
regime_executed_trades.csv,entry_slot,-,-,vezi README,-,-,META,-,-
regime_executed_trades.csv,exit_ts,float,s epoch,OUTCOME VIITOR,-,-,OUTCOME,-,-
regime_executed_trades.csv,exit_kind,string,-,OUTCOME VIITOR: TP/SL/TIMEOUT (SL primul in acelasi slot),-,-,OUTCOME,-,-
regime_executed_trades.csv,exit_value_usd,float,USD,OUTCOME VIITOR: lichidare exacta la iesire,-,-,OUTCOME,-,-
regime_executed_trades.csv,pnl_usd_25,-,-,vezi README,-,-,META,-,-
regime_executed_trades.csv,latency_s,-,-,vezi README,-,-,META,-,-
regime_executed_trades.csv,observation_s,-,-,vezi README,-,-,META,-,-
regime_executed_trades.csv,fee_bps_entry,-,-,vezi README,-,-,META,-,-
regime_executed_trades.csv,ordering,-,-,vezi README,-,-,META,-,-
regime_executed_trades.csv,eligible_boost,-,-,vezi README,-,-,META,-,-
regime_executed_trades.csv,eligible_coverage,-,-,vezi README,-,-,META,-,-
regime_executed_trades.csv,eligible_no_gap,-,-,vezi README,-,-,META,-,-
regime_executed_trades.csv,bankroll_100_notional,float,USD,"OUTCOME: notional/pnl/bankroll inainte-dupa/drawdown la bankroll-ul indicat (notional = min(25, B, 0.01*B/0.30), PnL recalculat exact la notional)",regime_gate.py::bankroll,-,OUTCOME,gol = tranzactie sarita (capital),-
regime_executed_trades.csv,bankroll_100_pnl,float,USD,"OUTCOME: notional/pnl/bankroll inainte-dupa/drawdown la bankroll-ul indicat (notional = min(25, B, 0.01*B/0.30), PnL recalculat exact la notional)",regime_gate.py::bankroll,-,OUTCOME,gol = tranzactie sarita (capital),-
regime_executed_trades.csv,bankroll_100_before,float,USD,"OUTCOME: notional/pnl/bankroll inainte-dupa/drawdown la bankroll-ul indicat (notional = min(25, B, 0.01*B/0.30), PnL recalculat exact la notional)",regime_gate.py::bankroll,-,OUTCOME,gol = tranzactie sarita (capital),-
regime_executed_trades.csv,bankroll_100_after,float,USD,"OUTCOME: notional/pnl/bankroll inainte-dupa/drawdown la bankroll-ul indicat (notional = min(25, B, 0.01*B/0.30), PnL recalculat exact la notional)",regime_gate.py::bankroll,-,OUTCOME,gol = tranzactie sarita (capital),-
regime_executed_trades.csv,bankroll_100_drawdown,float,USD,"OUTCOME: notional/pnl/bankroll inainte-dupa/drawdown la bankroll-ul indicat (notional = min(25, B, 0.01*B/0.30), PnL recalculat exact la notional)",regime_gate.py::bankroll,-,OUTCOME,gol = tranzactie sarita (capital),-
regime_executed_trades.csv,bankroll_500_notional,float,USD,"OUTCOME: notional/pnl/bankroll inainte-dupa/drawdown la bankroll-ul indicat (notional = min(25, B, 0.01*B/0.30), PnL recalculat exact la notional)",regime_gate.py::bankroll,-,OUTCOME,gol = tranzactie sarita (capital),-
regime_executed_trades.csv,bankroll_500_pnl,float,USD,"OUTCOME: notional/pnl/bankroll inainte-dupa/drawdown la bankroll-ul indicat (notional = min(25, B, 0.01*B/0.30), PnL recalculat exact la notional)",regime_gate.py::bankroll,-,OUTCOME,gol = tranzactie sarita (capital),-
regime_executed_trades.csv,bankroll_500_before,float,USD,"OUTCOME: notional/pnl/bankroll inainte-dupa/drawdown la bankroll-ul indicat (notional = min(25, B, 0.01*B/0.30), PnL recalculat exact la notional)",regime_gate.py::bankroll,-,OUTCOME,gol = tranzactie sarita (capital),-
regime_executed_trades.csv,bankroll_500_after,float,USD,"OUTCOME: notional/pnl/bankroll inainte-dupa/drawdown la bankroll-ul indicat (notional = min(25, B, 0.01*B/0.30), PnL recalculat exact la notional)",regime_gate.py::bankroll,-,OUTCOME,gol = tranzactie sarita (capital),-
regime_executed_trades.csv,bankroll_500_drawdown,float,USD,"OUTCOME: notional/pnl/bankroll inainte-dupa/drawdown la bankroll-ul indicat (notional = min(25, B, 0.01*B/0.30), PnL recalculat exact la notional)",regime_gate.py::bankroll,-,OUTCOME,gol = tranzactie sarita (capital),-
regime_executed_trades.csv,bankroll_2000_notional,float,USD,"OUTCOME: notional/pnl/bankroll inainte-dupa/drawdown la bankroll-ul indicat (notional = min(25, B, 0.01*B/0.30), PnL recalculat exact la notional)",regime_gate.py::bankroll,-,OUTCOME,gol = tranzactie sarita (capital),-
regime_executed_trades.csv,bankroll_2000_pnl,float,USD,"OUTCOME: notional/pnl/bankroll inainte-dupa/drawdown la bankroll-ul indicat (notional = min(25, B, 0.01*B/0.30), PnL recalculat exact la notional)",regime_gate.py::bankroll,-,OUTCOME,gol = tranzactie sarita (capital),-
regime_executed_trades.csv,bankroll_2000_before,float,USD,"OUTCOME: notional/pnl/bankroll inainte-dupa/drawdown la bankroll-ul indicat (notional = min(25, B, 0.01*B/0.30), PnL recalculat exact la notional)",regime_gate.py::bankroll,-,OUTCOME,gol = tranzactie sarita (capital),-
regime_executed_trades.csv,bankroll_2000_after,float,USD,"OUTCOME: notional/pnl/bankroll inainte-dupa/drawdown la bankroll-ul indicat (notional = min(25, B, 0.01*B/0.30), PnL recalculat exact la notional)",regime_gate.py::bankroll,-,OUTCOME,gol = tranzactie sarita (capital),-
regime_executed_trades.csv,bankroll_2000_drawdown,float,USD,"OUTCOME: notional/pnl/bankroll inainte-dupa/drawdown la bankroll-ul indicat (notional = min(25, B, 0.01*B/0.30), PnL recalculat exact la notional)",regime_gate.py::bankroll,-,OUTCOME,gol = tranzactie sarita (capital),-
hourly_daily_summary.csv,level,-,-,vezi README,-,-,META,-,-
hourly_daily_summary.csv,utc,-,-,vezi README,-,-,META,-,-
hourly_daily_summary.csv,date_utc,date,UTC,zi UTC a CompleteEvent,CompleteEvent.ts,-,META,-,-
hourly_daily_summary.csv,regime_state,-,-,vezi README,-,-,META,-,-
hourly_daily_summary.csv,coverage,-,-,vezi README,-,-,META,-,-
hourly_daily_summary.csv,n_shadow,-,-,vezi README,-,-,META,-,-
hourly_daily_summary.csv,EV_usd,-,-,vezi README,-,-,META,-,-
hourly_daily_summary.csv,median_usd,-,-,vezi README,-,-,META,-,-
hourly_daily_summary.csv,PF,-,-,vezi README,-,-,META,-,-
hourly_daily_summary.csv,P_gt0,-,-,vezi README,-,-,META,-,-
