block_start_utc,decision_ts,date_utc,n_window_entries,n_unresolved_excluded,gate_N,gate_trimmed_mean,gate_PF,gate_median,gate_ex_best_1_EV,gate_EV_first30,gate_EV_second30,REGIME_ON,migrations_available_in_block,selected_pool_id,skip_reason,no_future_fields_in_decision,OUTCOME_strategy_pnl_usd,OUTCOME_strategy_exit_kind
2026-09-01 00:00,1788220800,2026-09-01,0,0,0,,,,,,,0,6,,,YES,,
2026-09-01 00:15,1788221700,2026-09-01,6,0,6,-7.949808633333333,0.04860484874473471,-8.900078950000001,-9.95562196,,-7.949808633333333,0,6,,,YES,,
2026-09-01 00:30,1788222600,2026-09-01,12,0,12,-5.510893179999999,0.06829537506405708,-8.52811585,-6.951651063636363,,-6.199075308333334,0,5,,,YES,,
2026-09-01 00:45,1788223500,2026-09-01,17,0,17,-5.940444653333333,0.2856657918830267,-8.1218848,-6.90411873125,-7.949808633333333,-3.1914414000000004,0,8,,,YES,,
2026-09-01 01:00,1788224400,2026-09-01,25,3,22,-5.682067844444444,0.41593217371352603,-7.800311300000001,-5.272137314285714,-6.199075308333334,-0.8664787399999996,0,9,,,YES,,
2026-09-01 01:15,1788225300,2026-09-01,28,2,26,-4.042779590909091,0.5145772229453296,-3.571298200000001,-3.513928896,-3.1914414000000004,-1.6720783000000001,0,4,,,YES,,
2026-09-01 01:30,1788226200,2026-09-01,26,2,24,-3.41090293,0.6433930703567945,-3.571298200000001,-2.9184839130434783,-0.37540293076923076,-3.143972672727273,0,4,,,YES,,
2026-09-01 01:45,1788227100,2026-09-01,25,1,24,-1.9515119900000002,0.6365050249691717,0.5178898999999997,-2.266442934782609,-1.9290225764705884,0.8115485428571427,0,3,,,YES,,
2026-09-01 02:00,1788228000,2026-09-01,20,1,19,-1.4611127647058826,0.8003082049023779,0.4054527999999986,-2.037086438888889,-2.4716960692307697,3.486851233333333,0,9,,,YES,,
2026-09-01 02:15,1788228900,2026-09-01,20,1,19,0.26489641764705835,1.3516680670042511,0.8380258999999977,-0.3931124000000004,0.9367634499999996,1.0154264818181808,0,10,,,YES,,
2026-09-01 02:30,1788229800,2026-09-01,26,2,24,-2.2211258549999995,0.8147582990999064,0.6204349500000013,-1.743393604347826,3.117336242857142,-2.1282108529411765,0,8,,,YES,,
2026-09-01 02:45,1788230700,2026-09-01,30,1,29,-3.4058564479999998,0.5271027909225278,0.4395296000000033,-3.0953197392857144,0.9869351916666655,-4.28072664117647,0,7,,,YES,,
2026-09-01 03:00,1788231600,2026-09-01,34,3,31,-3.9367519079999997,0.32714981400204474,-1.2543526000000011,-4.1715783066666665,-2.640517305263158,-4.103141525000001,0,5,,,YES,,
2026-09-01 03:15,1788232500,2026-09-01,30,1,29,-4.1999215119999995,0.15606946157690946,-4.3005293999999985,-4.611962057142856,-4.462393738888888,-3.8904678454545447,0,7,,,YES,,
2026-09-01 03:30,1788233400,2026-09-01,27,2,25,-3.6047750952380944,0.3837385717712247,-2.898631300000002,-4.073899399999999,-3.257365886666667,-2.375878889999999,0,6,,,YES,,
2026-09-01 03:45,1788234300,2026-09-01,25,1,24,-2.9134666399999998,0.4040119978289875,-1.1940908999999995,-3.7383458826086953,-3.544684616666666,-1.5242859583333335,0,8,,,YES,,
2026-09-01 04:00,1788235200,2026-09-01,26,1,25,-2.761478795238095,0.5777776766217054,0.19460850000000066,-3.142994895833333,-2.163180433333333,-1.8589666384615386,0,10,,,YES,,
2026-09-01 04:15,1788236100,2026-09-01,31,3,28,-2.5400246416666667,0.5860393888619048,0.20012450000000073,-2.903756081481481,-2.007264223076923,-1.7999888866666665,0,4,,,YES,,
2026-09-01 04:30,1788237000,2026-09-01,28,2,26,-2.3728306454545454,0.4997268635187124,0.4547334000000034,-3.3724098039999997,-1.582325792857143,-3.0708781666666662,0,8,,,YES,,
2026-09-01 04:45,1788237900,2026-09-01,30,3,27,-1.3317143434782606,0.6892722100357517,0.7404728000000023,-2.3576151961538456,-1.0114842444444438,-1.976014744444444,0,6,,,YES,,
2026-09-01 05:00,1788238800,2026-09-01,28,1,27,-2.7379767869565215,0.4307611623756573,0.5599588000000035,-3.4181581076923075,-2.2972449357142852,-3.0827454615384613,0,6,,,YES,,
2026-09-01 05:15,1788239700,2026-09-01,24,1,23,-3.372501342105263,0.5179634513865291,-0.44931540000000014,-4.015530213636364,-1.5986811333333335,-3.958806945454545,0,7,,,YES,,
2026-09-01 05:30,1788240600,2026-09-01,27,1,26,-0.6163165136363632,0.9975699701512944,0.5250873000000023,-1.1538991399999998,-3.4001290857142856,3.9408360750000004,0,1,,,YES,,
2026-09-01 05:45,1788241500,2026-09-01,20,0,20,-0.5621378812499994,1.1771671456827026,0.3689723000000007,-0.7406358631578943,-3.1290884166666664,6.501585475000001,0,4,,,YES,,
2026-09-01 06:00,1788242400,2026-09-01,18,1,17,1.5497441600000006,1.4644665393675123,0.5570470000000038,0.14657281250000068,3.6565269153846165,-4.163495174999999,0,7,,,YES,,
2026-09-01 06:15,1788243300,2026-09-01,19,2,17,0.4247309866666676,1.2569367462282457,0.5570470000000038,-0.908127037499999,6.501585475000001,-4.223001355555555,0,3,,,YES,,
2026-09-01 06:30,1788244200,2026-09-01,15,1,14,-0.9131435749999994,0.8967954625910941,0.9032729500000012,-2.4506707923076916,-3.1114915799999987,1.2071601666666671,0,4,,,YES,,
2026-09-01 06:45,1788245100,2026-09-01,18,0,18,0.7141751750000002,1.3188670888901,1.5554617500000005,-0.5573055647058821,-3.0604787454545446,7.336682214285714,0,3,,,YES,,
2026-09-01 07:00,1788246000,2026-09-01,17,0,17,0.21836526666666692,1.4011921306233925,2.014400699999999,-0.4208717937499997,1.4041525,0.912890028571429,0,5,,,YES,,
2026-09-01 07:15,1788246900,2026-09-01,15,0,15,3.5980030307692306,2.2017681392093658,2.014400699999999,2.626043692857143,7.336682214285714,1.5727095250000007,0,2,,,YES,,
2026-09-01 07:30,1788247800,2026-09-01,14,1,13,3.674313572727273,2.082291560514019,2.014400699999999,2.5340018,0.912890028571429,8.531938566666666,0,5,,,YES,,
2026-09-01 07:45,1788248700,2026-09-01,15,0,15,4.050373538461538,2.628497878391028,0.8928391000000029,3.0834185499999998,1.5727095250000007,8.251431928571428,0,4,,,YES,,
2026-09-01 08:00,1788249600,2026-09-01,16,1,15,6.449727661538461,3.8949130237808385,0.8928391000000029,5.311390235714285,11.0544727,3.0189992999999995,0,1,,,YES,,
2026-09-01 08:15,1788250500,2026-09-01,12,0,12,5.91123719,10.371076140471816,0.8955785999999999,4.626125172727272,8.251431928571428,3.8634061800000006,0,3,,,YES,,
2026-09-01 08:30,1788251400,2026-09-01,13,0,13,1.7039942727272726,2.85583749080666,0.8928391000000029,0.7291243833333333,2.7833680555555547,2.1905015500000014,0,6,,,YES,,
2026-09-01 08:45,1788252300,2026-09-01,14,2,12,0.6101497800000008,1.4960345548558658,0.8556699500000025,-0.7898942999999993,3.8634061800000006,-0.4204345857142849,0,4,,,YES,,
2026-09-01 09:00,1788253200,2026-09-01,14,1,13,0.33751653636363754,1.105820960482476,0.8595178000000021,-0.9231377666666655,2.1905015500000014,-0.44005516666666566,0,7,,,YES,,
2026-09-01 09:15,1788254100,2026-09-01,20,1,19,-0.5412496705882348,0.9626763943157165,0.8595178000000021,-1.579565166666666,1.449097511111112,-1.61998796,0,3,,,YES,,
2026-09-01 09:30,1788255000,2026-09-01,20,1,19,-1.823485617647058,0.7505481839719412,0.6531234999999991,-2.790565783333333,-0.3307372999999992,-2.405404455555555,0,7,,,YES,,
2026-09-01 09:45,1788255900,2026-09-01,21,1,20,-2.8032225812500005,0.5779571886695031,0.5378616000000007,-3.627190194736842,-2.9611505636363633,-1.2299762777777778,0,5,,,YES,,
2026-09-01 10:00,1788256800,2026-09-01,22,1,21,-2.1335259588235296,0.8156178054166389,0.4895355000000019,-2.329973775,-2.1062452399999994,0.22165560909090856,0,4,,,YES,,
2026-09-01 10:15,1788257700,2026-09-01,19,2,17,-1.3337618066666665,0.7595795156241026,0.5861876999999995,-2.804186325,-1.07794282,-0.873188314285714,0,7,,,YES,,
2026-09-01 10:30,1788258600,2026-09-01,23,3,20,-0.93483503125,0.6480704979931138,0.7268419499999985,-3.069116642105263,0.3320652083333329,-4.2903454875,0,1,,,YES,,
2026-09-01 10:45,1788259500,2026-09-01,17,0,17,-1.6523777066666663,0.7121581770056555,0.8763885000000005,-3.1115562249999997,-0.36564960000000013,-2.314852299999999,0,2,,,YES,,
2026-09-01 11:00,1788260400,2026-09-01,14,0,14,-3.2206212083333328,0.23757417326591115,0.6816743999999981,-4.895899115384615,-3.656409972727272,-5.778060800000001,0,3,,,YES,,
2026-09-01 11:15,1788261300,2026-09-01,13,0,13,-2.616222,0.26060795310847895,0.575496899999997,-4.481473,-2.314852299999999,-5.833372240000001,0,2,,,YES,,
2026-09-01 11:30,1788262200,2026-09-01,8,0,8,-1.729557700000001,0.5677901055355687,0.1683119499999992,-4.118605328571429,-5.778060800000001,0.699544159999999,0,7,,,YES,,
2026-09-01 11:45,1788263100,2026-09-01,14,4,10,-3.804030575,0.40302678279883025,-3.952966599999998,-4.921887155555556,-5.833372240000001,-0.02726950000000005,0,1,,,YES,,
2026-09-01 12:00,1788264000,2026-09-01,13,1,12,-1.67347709,0.5592200795441497,0.5642555499999982,-3.4722798545454547,0.699544159999999,-3.8141462142857137,0,5,,,YES,,
2026-09-01 12:15,1788264900,2026-09-01,15,1,14,-4.5084083,0.3233757486442339,-3.8880165499999997,-5.812400546153845,-1.3271245333333332,-9.72466212,0,9,,,YES,,
2026-09-01 12:30,1788265800,2026-09-01,22,3,19,-4.095383129411765,0.3401146269785829,-7.537160100000001,-5.0601011499999995,-3.072549499999999,-4.52201210909091,0,4,,,YES,,
2026-09-01 12:45,1788266700,2026-09-01,19,1,18,-2.6999219500000002,0.5792166778689912,-5.6052165500000015,-3.787872523529412,-8.053096583333334,0.7478896333333336,0,4,,,YES,,
2026-09-01 13:00,1788267600,2026-09-01,22,0,22,-3.4728033999999997,0.539139924934512,-7.537175300000001,-3.8770836761904754,-3.6271637000000005,-0.6985670499999981,0,14,,,YES,,
2026-09-01 13:15,1788268500,2026-09-01,31,3,28,1.557877633333334,1.685785769010312,0.742532150000002,1.499227607407408,0.07282373076923115,4.427112966666668,0,11,,,YES,,
2026-09-01 13:30,1788269400,2026-09-01,33,1,32,-1.156841426923076,1.0568381276749665,-5.701261549999998,-0.5883818516129022,-0.6985670499999981,0.6073684416666673,0,3,,,YES,,
2026-09-01 13:45,1788270300,2026-09-01,32,0,32,-1.7976767769230761,0.8933319582120468,-1.8961389499999979,-1.4412779451612896,3.040549761111112,-5.155812028571428,0,7,,,YES,,
2026-09-01 14:00,1788271200,2026-09-01,35,3,32,-2.7849552230769223,0.760258206343838,-7.657477649999997,-2.2236154096774188,0.2617052280000006,-6.892366399999999,0,8,,,YES,,
2026-09-01 14:15,1788272100,2026-09-01,29,0,29,-4.150748159999999,0.5230863901032045,-7.840162899999999,-4.090254449999999,-5.155812028571428,-0.6196864466666657,0,4,,,YES,,
2026-09-01 14:30,1788273000,2026-09-01,22,1,21,-3.6411144470588224,0.5555095343484546,-7.598626399999997,-4.097794939999999,-2.8687575599999993,-1.8379876090909084,0,7,,,YES,,
2026-09-01 14:45,1788273900,2026-09-01,26,1,25,-4.020498219047618,0.49130666418010327,-7.598626399999997,-3.9270392499999995,-0.6196864466666657,-5.19031858,0,9,,,YES,,
2026-09-01 15:00,1788274800,2026-09-01,28,1,27,-3.3704365869565214,0.6991187987681169,-7.994403599999998,-2.824855169230769,-2.597673841666666,-0.6149125866666668,0,9,,,YES,,
2026-09-01 15:15,1788275700,2026-09-01,29,1,28,-3.357493283333333,0.5953295215390167,-3.8585256,-2.897058614814814,-4.611632236363636,-0.03996675882352954,0,6,,,YES,,
2026-09-01 15:30,1788276600,2026-09-01,31,2,29,-1.3328423479999998,0.9198074284182304,-1.071648199999999,-1.304034942857143,-1.05117580625,0.5974477230769232,0,4,,,YES,,
2026-09-01 15:45,1788277500,2026-09-01,28,2,26,-1.0299643181818183,1.015864254766444,-0.42202890000000126,-1.0340453880000002,-0.025102472222222543,0.2577119625000001,0,4,,,YES,,
2026-09-01 16:00,1788278400,2026-09-01,23,0,23,0.6765994,1.7823888390928602,0.27955370000000057,0.5430458227272726,0.5532008533333332,3.88874765,0,8,,,YES,,
2026-09-01 16:15,1788279300,2026-09-01,22,0,22,2.8674801166666666,2.581688462936535,0.628362999999998,2.3409237904761904,0.3821454500000004,7.154518491666667,0,9,,,YES,,
2026-09-01 16:30,1788280200,2026-09-01,25,4,21,3.1606866764705885,2.874432116688162,0.9998761999999988,3.081188,3.88874765,5.463850430769232,0,6,,,YES,,
2026-09-01 16:45,1788281100,2026-09-01,27,1,26,1.3841602454545452,1.9509225372721894,0.5861497499999984,1.4056812719999996,7.154518491666667,-0.728279521428572,0,8,,,YES,,
2026-09-01 17:00,1788282000,2026-09-01,31,1,30,-2.0192332,1.1426602134943513,0.04491089999999921,-0.8684356689655174,4.1947652470588235,-4.306105138461538,0,8,,,YES,,
2026-09-01 17:15,1788282900,2026-09-01,31,2,29,-1.5887161840000001,0.927104986123141,0.2795720999999989,-1.3561975321428574,-0.6169193333333338,0.15632340714285692,0,8,,,YES,,
2026-09-01 17:30,1788283800,2026-09-01,30,0,30,-1.8785490291666667,0.8964372373133451,0.2774888,-1.3282865896551725,-3.9519139928571425,2.7221875499999997,0,6,,,YES,,
2026-09-01 17:45,1788284700,2026-09-01,30,1,29,-0.6719681079999998,1.064594051659781,0.2795720999999989,-0.733543857142857,0.3274360249999996,0.07463935384615464,0,10,,,YES,,
2026-09-01 18:00,1788285600,2026-09-01,32,2,30,-2.168723875,0.816757979498907,-1.0838218499999983,-1.7516265448275865,2.7221875499999997,-4.828832471428571,0,9,,,YES,,
2026-09-01 18:15,1788286500,2026-09-01,33,1,32,-3.242125161538461,0.6324837145065602,-3.043523449999999,-2.654562803225806,0.4972736785714293,-3.4724868000000004,0,5,,,YES,,
2026-09-01 18:30,1788287400,2026-09-01,30,0,30,-3.5674359333333334,0.5194267244954015,-3.6948246499999993,-3.176021365517242,-4.3459893,0.2373714214285711,0,7,,,YES,,
2026-09-01 18:45,1788288300,2026-09-01,31,0,31,-3.711858924,0.6625032553638922,-7.568925199999999,-2.65433867,-3.730746052631579,1.7087017083333336,0,9,,,YES,,
2026-09-01 19:00,1788289200,2026-09-01,30,1,29,-0.9463200719999996,1.1355930233544504,0.3049908000000019,-0.5067743964285709,0.2373714214285711,0.7825015066666682,0,6,,,YES,,
2026-09-01 19:15,1788290100,2026-09-01,27,1,26,-2.218681236363636,0.8436233789278194,-2.0605462999999986,-1.8779999159999992,1.7087017083333336,-2.7288580571428556,0,8,,,YES,,
2026-09-01 19:30,1788291000,2026-09-01,30,1,29,-2.598126995999999,0.7355971538991434,-4.4260834,-2.291814457142856,0.7723432375000017,-3.636760846153846,0,7,,,YES,,
2026-09-01 19:45,1788291900,2026-09-01,30,2,28,-3.6125348458333324,0.5003344700815883,-6.018232199999998,-3.807356107407407,-2.530450646666665,-2.8236934615384617,0,9,,,YES,,
2026-09-01 20:00,1788292800,2026-09-01,30,1,29,-3.9452510039999997,0.4403255321655411,-7.616184699999998,-4.313445707142857,-3.1112346,-3.4204275600000003,0,9,,,YES,,
2026-09-01 20:15,1788293700,2026-09-01,33,3,30,-2.6490932666666667,0.5562640823366086,0.4406563000000019,-3.0981698172413794,-2.2769794466666666,-1.9852967333333333,0,9,,,YES,,
2026-09-01 20:30,1788294600,2026-09-01,34,2,32,-1.8771166730769233,0.7200577960547198,0.5099599999999991,-2.3231918967741936,-3.07811564375,0.5750447499999995,0,3,,,YES,,
2026-09-01 20:45,1788295500,2026-09-01,30,1,29,-1.5271838360000003,0.843356000232972,0.4559877999999986,-1.7840003000000004,0.8916501833333332,-3.093808836363637,0,9,,,YES,,
2026-09-01 21:00,1788296400,2026-09-01,30,1,29,-2.0523356080000004,0.658118199589423,0.43734250000000285,-2.4281329214285714,0.809789994444444,-4.599466109090908,0,10,,,YES,,
2026-09-01 21:15,1788297300,2026-09-01,31,1,30,-2.737938858333333,0.22440388862625532,0.3019624000000003,-3.4356463034482756,-2.672086333333334,-3.4178017999999994,0,2,,,YES,,
2026-09-01 21:30,1788298200,2026-09-01,24,0,24,-3.039350849999999,0.37193412908407947,-0.9803760499999989,-4.109891286956521,-4.044316633333333,-1.6249785333333333,0,5,,,YES,,
2026-09-01 21:45,1788299100,2026-09-01,26,1,25,-2.9072518047619043,0.36855553614114794,0.43734250000000285,-3.949698770833333,-3.161274068421052,-1.3721009333333345,0,7,,,YES,,
2026-09-01 22:00,1788300000,2026-09-01,24,1,23,-0.7255265210526312,1.1160651003309066,0.7844311000000022,-0.799073290909091,-1.6249785333333333,2.675585645454546,0,4,,,YES,,
2026-09-01 22:15,1788300900,2026-09-01,18,1,17,1.4403133066666662,1.4675743383532833,0.5819639999999988,0.049925168749999554,-1.0421792142857158,3.5605369300000014,0,6,,,YES,,
2026-09-01 22:30,1788301800,2026-09-01,22,0,22,-0.5027624055555557,1.468913419918989,0.5807380499999986,0.09759044285714252,2.5011171750000005,-0.045269470000000436,0,9,,,YES,,
2026-09-01 22:45,1788302700,2026-09-01,26,2,24,-2.5546126899999995,0.8445200891109,-7.533659050000001,-1.9175301869565213,3.383990063636365,-4.139674838461539,0,4,,,YES,,
2026-09-01 23:00,1788303600,2026-09-01,23,1,22,-3.99151381111111,0.43647119073310525,-7.533659050000001,-4.010037595238095,-0.045269470000000436,-4.691358899999999,0,7,,,YES,,
2026-09-01 23:15,1788304500,2026-09-01,26,3,23,-5.372423915789473,0.3112602913122155,-7.682890499999999,-5.551828622727272,-3.3775400399999995,-5.501917637500001,0,13,,,YES,,
2026-09-01 23:30,1788305400,2026-09-01,33,5,28,-5.949756933333333,0.1527180392488191,-7.668450299999998,-6.567861199999999,-4.243975107692307,-7.268623593333333,0,5,,,YES,,
2026-09-01 23:45,1788306300,2026-09-01,29,1,28,-2.3131259833333333,0.6521707931610622,0.529338800000001,-2.7225753000000004,-5.927095527272727,1.0799736,0,5,,,YES,,
2026-09-02 00:00,1788307200,2026-09-02,30,1,29,-1.906061652,0.7714842555048163,0.1549212,-2.292905764285714,-3.9969191549999996,5.108278233333333,0,1,,,YES,,
2026-09-02 00:15,1788308100,2026-09-02,24,0,24,-0.17711366999999997,1.2763167139144302,0.5619468500000013,-0.24333019130434771,2.6998352000000003,-3.9926909333333325,0,0,,,YES,,
2026-09-02 00:30,1788309000,2026-09-02,11,0,11,1.8406009666666665,2.194940295401213,1.185123499999999,0.8330177799999999,4.6675361,-8.1077008,0,0,,,YES,,
2026-09-02 00:45,1788309900,2026-09-02,6,0,6,-3.9926909333333325,0.25776768537443034,-7.966436749999998,-6.314989659999999,-3.9926909333333325,,0,0,,,YES,,
2026-09-02 01:00,1788310800,2026-09-02,1,0,1,-8.1077008,0.0,-8.1077008,-8.1077008,-8.1077008,,0,0,,,YES,,
2026-09-02 01:15,1788311700,2026-09-02,0,0,0,,,,,,,0,0,,,YES,,
2026-09-02 01:30,1788312600,2026-09-02,0,0,0,,,,,,,0,0,,,YES,,
2026-09-02 01:45,1788313500,2026-09-02,0,0,0,,,,,,,0,0,,,YES,,
2026-09-02 02:00,1788314400,2026-09-02,0,0,0,,,,,,,0,0,,,YES,,
2026-09-02 02:15,1788315300,2026-09-02,0,0,0,,,,,,,0,0,,,YES,,
2026-09-02 02:30,1788316200,2026-09-02,0,0,0,,,,,,,0,0,,,YES,,
2026-09-02 02:45,1788317100,2026-09-02,0,0,0,,,,,,,0,0,,,YES,,
2026-09-02 03:00,1788318000,2026-09-02,0,0,0,,,,,,,0,0,,,YES,,
2026-09-02 03:15,1788318900,2026-09-02,0,0,0,,,,,,,0,0,,,YES,,
2026-09-02 03:30,1788319800,2026-09-02,0,0,0,,,,,,,0,0,,,YES,,
2026-09-02 03:45,1788320700,2026-09-02,0,0,0,,,,,,,0,0,,,YES,,
2026-09-02 04:00,1788321600,2026-09-02,0,0,0,,,,,,,0,0,,,YES,,
2026-09-02 04:15,1788322500,2026-09-02,0,0,0,,,,,,,0,0,,,YES,,
2026-09-02 04:30,1788323400,2026-09-02,0,0,0,,,,,,,0,0,,,YES,,
2026-09-02 04:45,1788324300,2026-09-02,0,0,0,,,,,,,0,0,,,YES,,
2026-09-02 05:00,1788325200,2026-09-02,0,0,0,,,,,,,0,0,,,YES,,
2026-09-02 05:15,1788326100,2026-09-02,0,0,0,,,,,,,0,0,,,YES,,
2026-09-02 05:30,1788327000,2026-09-02,0,0,0,,,,,,,0,0,,,YES,,
2026-09-02 05:45,1788327900,2026-09-02,0,0,0,,,,,,,0,0,,,YES,,
2026-09-02 06:00,1788328800,2026-09-02,0,0,0,,,,,,,0,0,,,YES,,
2026-09-02 06:15,1788329700,2026-09-02,0,0,0,,,,,,,0,0,,,YES,,
2026-09-02 06:30,1788330600,2026-09-02,0,0,0,,,,,,,0,0,,,YES,,
2026-09-02 06:45,1788331500,2026-09-02,0,0,0,,,,,,,0,0,,,YES,,
2026-09-02 07:00,1788332400,2026-09-02,0,0,0,,,,,,,0,0,,,YES,,
2026-09-02 07:15,1788333300,2026-09-02,0,0,0,,,,,,,0,0,,,YES,,
2026-09-02 07:30,1788334200,2026-09-02,0,0,0,,,,,,,0,0,,,YES,,
2026-09-02 07:45,1788335100,2026-09-02,0,0,0,,,,,,,0,0,,,YES,,
2026-09-02 08:00,1788336000,2026-09-02,0,0,0,,,,,,,0,0,,,YES,,
2026-09-02 08:15,1788336900,2026-09-02,0,0,0,,,,,,,0,0,,,YES,,
2026-09-02 08:30,1788337800,2026-09-02,0,0,0,,,,,,,0,0,,,YES,,
2026-09-02 08:45,1788338700,2026-09-02,0,0,0,,,,,,,0,0,,,YES,,
2026-09-02 09:00,1788339600,2026-09-02,0,0,0,,,,,,,0,0,,,YES,,
2026-09-02 09:15,1788340500,2026-09-02,0,0,0,,,,,,,0,0,,,YES,,
2026-09-02 09:30,1788341400,2026-09-02,0,0,0,,,,,,,0,0,,,YES,,
2026-09-02 09:45,1788342300,2026-09-02,0,0,0,,,,,,,0,0,,,YES,,
2026-09-02 10:00,1788343200,2026-09-02,0,0,0,,,,,,,0,0,,,YES,,
2026-09-02 10:15,1788344100,2026-09-02,0,0,0,,,,,,,0,2,,,YES,,
2026-09-02 10:30,1788345000,2026-09-02,2,1,1,1.9733419999999984,inf,1.9733419999999984,1.9733419999999984,,1.9733419999999984,0,2,,,YES,,
2026-09-02 10:45,1788345900,2026-09-02,4,1,3,0.8309981333333343,inf,0.2834872000000028,0.2598262000000022,,0.8309981333333343,0,5,,,YES,,
2026-09-02 11:00,1788346800,2026-09-02,9,0,9,4.947772666666667,inf,1.1778048,3.0235232875,1.1047536,6.045778114285715,0,3,,,YES,,
2026-09-02 11:15,1788347700,2026-09-02,12,2,10,3.0235232875,4.991299963505075,1.04713025,1.6962968888888894,0.8523625250000006,5.366498266666667,0,3,,,YES,,
2026-09-02 11:30,1788348600,2026-09-02,13,0,13,0.641229418181818,1.7380061310457602,0.5976811999999962,-0.15566589166666664,6.045778114285715,-3.974444966666667,0,5,,,YES,,
2026-09-02 11:45,1788349500,2026-09-02,16,1,15,-0.1983701000000004,1.2477166526338739,0.5976811999999962,-0.8214518285714288,4.17304125,-3.5061268428571433,0,3,,,YES,,
2026-09-02 12:00,1788350400,2026-09-02,14,0,14,-3.2124601750000004,0.09246853037955287,-1.3658989500000005,-3.651618184615385,-3.974444966666667,-2.8060487000000003,0,2,,,YES,,
2026-09-02 12:15,1788351300,2026-09-02,13,0,13,-3.186831181818182,0.6296359731240433,-2.1093192999999997,-3.633797383333333,-2.9558617250000006,1.2377912000000002,0,6,,,YES,,
2026-09-02 12:30,1788352200,2026-09-02,16,1,15,-0.5423991000000002,1.1727815094034846,0.4083238000000011,-1.240292585714286,-2.8060487000000003,4.461703457142856,0,3,,,YES,,
2026-09-02 12:45,1788353100,2026-09-02,14,0,14,-2.110254533333333,0.8335309448267361,-6.2978480999999995,-2.8903342384615383,1.2377912000000002,-1.9572966999999997,0,1,,,YES,,
2026-09-02 13:00,1788354000,2026-09-02,12,0,12,-1.8254277599999997,0.9287506248613219,-6.3763688,-2.7732334818181816,2.8404915249999996,-6.770467425,0,5,,,YES,,
2026-09-02 13:15,1788354900,2026-09-02,15,0,15,-4.971572169230769,0.3813621913928529,-7.8432148999999995,-5.491552064285714,-1.9572966999999997,-5.6846977,0,11,,,YES,,
2026-09-02 13:30,1788355800,2026-09-02,20,0,20,-2.6039733437500003,0.24784461829213444,0.41666364999999983,-3.593961357894737,-6.770467425,-2.2185157062500003,0,6,,,YES,,
2026-09-02 13:45,1788356700,2026-09-02,23,3,20,-1.5150514812500007,0.7863962714462386,0.44586830000000033,-2.573241768421053,-5.6846977,1.355955964285713,0,6,,,YES,,
2026-09-02 14:00,1788357600,2026-09-02,28,0,28,-2.6413890000000007,0.46691913325948814,0.43059434999999935,-3.7850165592592595,-2.2185157062500003,-2.744367075000001,0,12,,,YES,,
2026-09-02 14:15,1788358500,2026-09-02,35,2,33,0.031592299999999546,1.2068195615283648,0.5884044000000013,-0.35067666249999996,1.2254097647058815,0.10707323125000101,0,6,,,YES,,
2026-09-02 14:30,1788359400,2026-09-02,30,1,29,-0.3688031199999998,1.0643692492302779,0.47273209999999777,-0.9552778964285711,-2.744367075000001,2.3500832176470596,0,7,,,YES,,
2026-09-02 14:45,1788360300,2026-09-02,31,0,31,-1.702578692,0.8205539605353109,0.5595381000000006,-1.684624366666666,-0.08376226111111008,-1.6975482307692304,0,5,,,YES,,
2026-09-02 15:00,1788361200,2026-09-02,30,0,30,0.40292977083333376,1.654710798683544,0.6844727000000002,0.9741163482758627,2.2755395611111116,1.187712108333334,1,4,3a7af450eeaa70c52ec147b8f466b1b6,,YES,-8.473714699999999,SL
2026-09-02 15:15,1788362100,2026-09-02,22,1,21,-2.8947494882352944,0.7484942944386618,0.3634249000000014,-2.4268125499999997,-1.6975482307692304,-0.11470424999999962,0,7,,,YES,,
2026-09-02 15:30,1788363000,2026-09-02,23,2,21,-1.8340513588235292,0.9417569367757832,0.6101275000000004,-1.5252191399999995,1.187712108333334,-2.134048677777778,0,7,,,YES,,
2026-09-02 15:45,1788363900,2026-09-02,23,1,22,-0.2652049888888884,1.3072819974846914,0.861792950000003,-0.10564835238095183,0.03346938888888914,1.9595566769230781,0,3,,,YES,,
2026-09-02 16:00,1788364800,2026-09-02,21,0,21,-2.2603990941176466,0.8177633140473691,0.6101275000000004,-2.2749431349999996,-2.2462616181818182,0.7204091800000019,0,4,,,YES,,
2026-09-02 16:15,1788365700,2026-09-02,21,2,19,-2.616124858823529,0.6671548918362584,-1.3597034000000012,-3.6302287388888876,2.03635707857143,-13.171807939999999,0,4,,,YES,,
2026-09-02 16:30,1788366600,2026-09-02,18,0,18,-1.632382556249999,0.8243212692173135,-0.49650655000000166,-2.7640067999999993,0.7204091800000019,-3.2747663374999996,0,6,,,YES,,
2026-09-02 16:45,1788367500,2026-09-02,17,2,15,-2.517237423076923,0.7053448035484468,-1.3597034000000012,-3.828148657142857,-9.278437614285716,4.824846487500001,0,3,,,YES,,
2026-09-02 17:00,1788368400,2026-09-02,17,0,17,-1.0077243933333335,0.8840116967484978,0.5432860999999991,-2.2491162875,-3.2747663374999996,1.939562211111111,0,14,,,YES,,
2026-09-02 17:15,1788369300,2026-09-02,27,5,22,1.14193135,1.6014788246783536,0.5821160000000005,0.9097817190476194,4.143779520000001,0.4092842250000004,0,1,,,YES,,
2026-09-02 17:30,1788370200,2026-09-02,24,0,24,1.5257015050000002,1.883201594256602,0.5971857499999991,1.3126413347826091,1.939562211111111,2.6652320400000007,0,9,,,YES,,
2026-09-02 17:45,1788371100,2026-09-02,27,3,24,-0.5028420349999998,1.1177527547915573,0.5712362000000009,-0.8100956086956516,-0.06782423529411738,2.037496514285715,0,7,,,YES,,
2026-09-02 18:00,1788372000,2026-09-02,31,0,31,-0.6851246399999994,1.1388214251075717,0.5395357000000014,-0.468456426666666,2.6652320400000007,-1.2354474312499995,0,9,,,YES,,
2026-09-02 18:15,1788372900,2026-09-02,26,3,23,-0.6880155263157882,1.106078107503447,-0.020455799999997453,-0.9829749772727262,4.826857470000001,-2.7406930538461527,0,6,,,YES,,
2026-09-02 18:30,1788373800,2026-09-02,31,0,31,-0.3745280559999994,1.258291691628374,0.38541900000000195,-0.006542966666666226,-1.2354474312499995,3.5890589600000005,0,8,,,YES,,
2026-09-02 18:45,1788374700,2026-09-02,30,2,28,-0.706433466666666,1.0605501059849243,0.29834865000000077,-0.8937645814814807,-1.999890668749999,3.1887824750000004,0,5,,,YES,,
2026-09-02 19:00,1788375600,2026-09-02,28,0,28,1.1912040708333334,2.1577680602971183,0.7007103500000009,1.171418288888889,3.5890589600000005,0.6300917,0,8,,,YES,,
2026-09-02 19:15,1788376500,2026-09-02,27,3,24,1.038517035,2.0395564569058457,0.7366317000000016,1.0934251869565217,3.271207992857143,0.9750650099999998,0,9,,,YES,,
2026-09-02 19:30,1788377400,2026-09-02,30,3,27,-2.214189160869565,0.6328530471246548,0.28223189999999887,-2.282925669230769,0.6300917,-3.001804728571428,0,11,,,YES,,
2026-09-02 19:45,1788378300,2026-09-02,33,3,30,-2.061705420833333,0.9819786753111623,0.3062088500000004,-1.0307084413793102,0.16968819230769228,-0.2504879470588233,0,5,,,YES,,
2026-09-02 20:00,1788379200,2026-09-02,33,0,33,-1.7499291370370362,1.0014847841948944,0.3157896999999994,-0.8643031687499994,-1.1902258764705878,1.2758959187500005,0,4,,,YES,,
2026-09-02 20:15,1788380100,2026-09-02,29,1,28,-2.2649220291666663,0.8048926778990553,-0.7256988999999998,-1.8682387703703698,-0.5311583349999998,-1.4976354874999995,0,5,,,YES,,
2026-09-02 20:30,1788381000,2026-09-02,25,3,22,-2.685434927777777,0.7413214621976872,-0.16109585000000104,-2.379140595238095,1.2758959187500005,-7.089681833333334,0,12,,,YES,,
2026-09-02 20:45,1788381900,2026-09-02,26,3,23,-2.5512605789473684,0.8063769487217192,0.3157896999999994,-1.9710972954545454,-1.4021183666666663,-0.31752407857142856,0,3,,,YES,,
2026-09-02 21:00,1788382800,2026-09-02,24,0,24,-4.194963945,0.5284427678773318,-7.62272945,-3.425629060869565,-5.430377133333334,-0.24108907333333301,0,5,,,YES,,
2026-09-02 21:15,1788383700,2026-09-02,25,0,25,-3.849231319047619,0.5127717985798702,-7.619489999999999,-3.7107732666666666,-0.6611655647058824,-6.4398757125,0,6,,,YES,,
2026-09-02 21:30,1788384600,2026-09-02,26,1,25,-3.7924474285714287,0.5142304863326941,-7.619489999999999,-3.6610873625,-0.24108907333333301,-5.7950022500000005,0,6,,,YES,,
2026-09-02 21:45,1788385500,2026-09-02,20,0,20,-4.6372652875,0.18718102520135604,-7.7530071,-5.383317094736841,-6.4398757125,-3.6652234499999996,0,3,,,YES,,
2026-09-02 22:00,1788386400,2026-09-02,20,0,20,-3.59332335625,0.4837691954413528,-6.804027349999998,-4.439960178947368,-5.237052818181819,0.21078624444444427,0,5,,,YES,,
2026-09-02 22:15,1788387300,2026-09-02,20,0,20,-0.5344854249999994,1.4589803589106123,0.21404535000000058,0.1026516052631583,-3.6652234499999996,9.6427538125,0,5,,,YES,,
2026-09-02 22:30,1788388200,2026-09-02,19,1,18,1.1162465312500005,1.6107235932030737,0.19044099999999942,0.49958196470588295,0.21078624444444427,4.200531755555556,0,4,,,YES,,
2026-09-02 22:45,1788389100,2026-09-02,17,2,15,4.626110230769232,3.163314195705203,1.5034836999999999,3.6805424714285726,9.6427538125,0.7992189571428577,0,2,,,YES,,
2026-09-02 23:00,1788390000,2026-09-02,16,0,16,1.4627564500000008,1.884056100746633,0.3927756999999974,0.7911167933333341,3.930826950000001,0.6279085000000001,0,0,,,YES,,
2026-09-02 23:15,1788390900,2026-09-02,11,0,11,-2.905597022222222,0.7821805831787294,0.29523279999999685,-3.4560526099999995,-0.13053203333333308,-3.7813292999999994,0,0,,,YES,,
2026-09-02 23:30,1788391800,2026-09-02,6,0,6,0.6279085000000001,1.1557648931562765,-3.6166649999999994,-4.41112564,0.6279085000000001,,0,0,,,YES,,
2026-09-02 23:45,1788392700,2026-09-02,2,0,2,-3.7813292999999994,0.06088662463864893,-3.7813292999999994,-8.052977199999997,-3.7813292999999994,,0,0,,,YES,,
2026-09-03 00:00,1788393600,2026-09-03,0,0,0,,,,,,,0,7,,,YES,,
2026-09-03 00:15,1788394500,2026-09-03,7,0,7,4.906876885714287,2.4346290441294096,0.7512606000000015,0.933365766666668,,4.906876885714287,0,2,,,YES,,
2026-09-03 00:30,1788395400,2026-09-03,9,1,8,4.383855787500002,2.464814611237894,0.7369843500000015,0.9032718142857156,,4.383855787500002,0,11,,,YES,,
2026-09-03 00:45,1788396300,2026-09-03,20,3,17,-0.5789703933333328,0.9805726997815641,0.6399597000000017,-1.8811960687499996,4.906876885714287,-3.56993317,0,3,,,YES,,
2026-09-03 01:00,1788397200,2026-09-03,23,0,23,-1.344860405263158,0.9842745463628966,0.6399597000000017,-1.3595287227272725,4.517873200000001,-2.9873247928571436,0,9,,,YES,,
2026-09-03 01:15,1788398100,2026-09-03,25,1,24,-0.7728727150000003,0.346406719253891,0.5860121500000015,-1.9133220086956526,-2.615421792307693,-0.4014463999999998,0,4,,,YES,,
2026-09-03 01:30,1788399000,2026-09-03,27,1,26,-1.0052691136363638,0.5852712291166584,0.5860121500000015,-2.026594896,-2.9873247928571436,1.187898341666667,0,8,,,YES,,
2026-09-03 01:45,1788399900,2026-09-03,24,0,24,-0.04538618999999962,1.7716170677870435,0.8794116500000011,0.28616779130434816,-0.29492615,2.9518859333333336,0,1,,,YES,,
2026-09-03 02:00,1788400800,2026-09-03,22,0,22,0.1487899222222227,1.9586717348118456,0.8794116500000011,0.4841810285714289,1.2728167153846157,2.1025380555555553,0,7,,,YES,,
2026-09-03 02:15,1788401700,2026-09-03,20,2,18,1.3091861750000005,1.7028382677947314,0.5655482500000022,0.6522135823529416,2.9518859333333336,0.16110965000000013,0,9,,,YES,,
2026-09-03 02:30,1788402600,2026-09-03,25,2,23,-1.9949250894736839,0.8333456488794401,-1.0732135999999994,-2.0386154954545455,2.1025380555555553,-2.653799614285714,0,10,,,YES,,
2026-09-03 02:45,1788403500,2026-09-03,27,2,25,-0.34211079523809496,1.1413833810000822,-0.181593400000001,-0.5338650124999997,-2.2937928249999997,1.9750908941176473,0,1,,,YES,,
2026-09-03 03:00,1788404400,2026-09-03,27,0,27,-0.2917100043478257,1.1355015350931308,-0.181593400000001,-0.47452937307692267,0.3532703937499998,0.913533900000001,0,6,,,YES,,
2026-09-03 03:15,1788405300,2026-09-03,26,2,24,0.38738391000000044,1.366173584533955,0.20325889999999935,0.35477539565217425,1.4391071368421056,1.7711522800000004,0,6,,,YES,,
2026-09-03 03:30,1788406200,2026-09-03,23,0,23,-1.8608378473684208,0.877609552264885,-2.1818618000000005,-1.6849349409090906,0.913533900000001,-1.7604211666666671,0,13,,,YES,,
2026-09-03 03:45,1788407100,2026-09-03,26,4,22,-3.3284651500000004,0.586169509759931,-7.755404500000001,-3.6612047000000003,3.5623769857142853,-5.055303333333333,0,0,,,YES,,
2026-09-03 04:00,1788408000,2026-09-03,25,0,25,-2.6545885000000005,0.6200450272233657,-5.107066800000002,-3.0299701875000005,-1.7604211666666671,-1.9693725307692314,0,10,,,YES,,
2026-09-03 04:15,1788408900,2026-09-03,29,3,26,-3.2902816272727278,0.3405450336450102,0.1815570499999999,-4.272484384,-3.3093910736842114,-3.7615869571428564,0,8,,,YES,,
2026-09-03 04:30,1788409800,2026-09-03,31,1,30,-2.036113825,0.70844115793868,0.5622221999999986,-2.3647132655172416,-1.9693725307692314,-0.9632915529411761,0,4,,,YES,,
2026-09-03 04:45,1788410700,2026-09-03,22,2,20,-3.3982316249999993,0.6289281218423919,0.4667144500000009,-3.5170599473684203,0.22925277999999993,-4.251778139999999,0,0,,,YES,,
2026-09-03 05:00,1788411600,2026-09-03,22,0,22,-1.5141816611111107,0.8872750038647503,0.6174448499999996,-1.8512241666666662,-0.9250994444444439,1.10801945,0,6,,,YES,,
2026-09-03 05:15,1788412500,2026-09-03,18,2,16,-1.8850011642857132,0.8071988872416805,0.04338995000000123,-2.8216023866666657,-1.2093533333333324,-0.2889501249999997,0,8,,,YES,,
2026-09-03 05:30,1788413400,2026-09-03,18,1,17,-0.015547066666666016,1.1787629074884156,0.7070857999999975,-1.0104515937499994,1.10801945,0.4658993846153852,0,10,,,YES,,
2026-09-03 05:45,1788414300,2026-09-03,24,4,20,-1.7096327687500004,0.73320229290728,0.557578149999999,-2.174818968421053,0.5495196999999997,-1.3924356928571424,0,3,,,YES,,
2026-09-03 06:00,1788415200,2026-09-03,27,0,27,-1.6295727782608693,0.7035059528135753,0.5245193999999986,-1.8991024538461536,0.5809158500000003,-2.491146676923077,0,8,,,YES,,
2026-09-03 06:15,1788416100,2026-09-03,29,2,27,-2.3925095,0.49012386239003053,0.0534224999999995,-2.755297503846154,-1.6601256277777774,-1.8478772111111113,0,3,,,YES,,
2026-09-03 06:30,1788417000,2026-09-03,24,0,24,-0.9761876399999998,0.7596295709499775,0.2138683500000016,-1.3934136304347826,-2.491146676923077,1.475518481818182,0,6,,,YES,,
2026-09-03 06:45,1788417900,2026-09-03,20,1,19,1.2630510411764706,1.6015615335600015,0.40412519999999885,0.3153654888888889,0.16304410000000014,2.539946575,0,3,,,YES,,
2026-09-03 07:00,1788418800,2026-09-03,20,0,20,1.0420270937500002,1.5338002623649283,0.32852114999999804,0.4165203052631582,1.475518481818182,0.9021846000000004,0,4,,,YES,,
2026-09-03 07:15,1788419700,2026-09-03,16,0,16,1.3851023428571434,2.037639583785548,0.3579008000000008,0.7022576000000006,2.3567844666666664,0.8227546714285727,0,7,,,YES,,
2026-09-03 07:30,1788420600,2026-09-03,20,4,16,0.10164591428571453,1.3176025191508407,0.2832167499999989,-0.49563506666666635,0.9021846000000004,0.12604164285714306,0,5,,,YES,,
2026-09-03 07:45,1788421500,2026-09-03,19,0,19,-1.7003784235294117,0.34499733940785393,0.02869009999999818,-2.926105627777778,0.8227546714285727,-3.8249623083333337,0,9,,,YES,,
2026-09-03 08:00,1788422400,2026-09-03,25,0,25,-1.5313639904761904,0.28770861674759546,0.3135164000000006,-2.736442445833333,0.4855225545454547,-4.5865224,0,15,,,YES,,
2026-09-03 08:15,1788423300,2026-09-03,36,2,34,-2.580220960714286,0.20394280039028106,0.2579188500000007,-3.5789142242424243,-3.8249623083333337,-2.9727531136363634,0,4,,,YES,,
2026-09-03 08:30,1788424200,2026-09-03,33,1,32,-3.1681303230769235,0.33647796235064537,0.18330275000000065,-4.206983770967742,-4.5865224,-2.286294933333334,0,4,,,YES,,
2026-09-03 08:45,1788425100,2026-09-03,32,1,31,-1.7970513600000004,0.6824060667521084,0.3733921999999974,-2.11623106,-1.5069383499999998,-0.15953648571428683,0,4,,,YES,,
2026-09-03 09:00,1788426000,2026-09-03,27,0,27,-0.21087277826087023,1.1463449046097036,0.511415299999999,-0.5349301538461544,-2.1451704000000005,6.689360812499999,0,6,,,YES,,
2026-09-03 09:15,1788426900,2026-09-03,18,2,16,2.2834890428571417,1.988899870186734,0.7107259499999983,0.7090439866666657,-0.014740500000001431,4.677302087499999,0,3,,,YES,,
2026-09-03 09:30,1788427800,2026-09-03,17,0,17,1.8437582333333329,2.238236200437028,0.9988313999999963,1.0828753062499996,6.689360812499999,-1.0582276333333334,0,0,,,YES,,
2026-09-03 09:45,1788428700,2026-09-03,13,0,13,0.7391961272727273,1.8819144313131109,1.0493753999999984,-0.18326759999999997,4.21086527,-5.881010333333333,0,2,,,YES,,
2026-09-03 10:00,1788429600,2026-09-03,11,0,11,-0.6974482222222221,0.7961474241570607,1.0769869999999986,-1.66074026,-1.0582276333333334,1.934437099999998,0,9,,,YES,,
2026-09-03 10:15,1788430500,2026-09-03,14,3,11,-2.1180482888888896,0.9145237484848726,0.31308939999999863,-2.939280320000001,-5.881010333333333,1.8258198374999994,0,5,,,YES,,
2026-09-03 10:30,1788431400,2026-09-03,16,0,16,0.6004234642857138,1.5354257088288705,0.3496212999999986,-0.5357558600000003,1.934437099999998,1.0322227714285714,0,4,,,YES,,
2026-09-03 10:45,1788432300,2026-09-03,20,1,19,-0.37025858235294135,1.0728074438049413,0.31308939999999863,-1.2631479055555555,2.8035852818181817,-3.4024711875,0,1,,,YES,,
2026-09-03 11:00,1788433200,2026-09-03,19,0,19,-1.0408476235294117,0.8706515991951022,0.29556569999999693,-1.896482,1.0322227714285714,-4.446292779999999,0,9,,,YES,,
2026-09-03 11:15,1788434100,2026-09-03,19,2,17,-4.776440033333333,0.09994098482407927,-7.541683599999999,-5.68028390625,-2.701805355555556,-7.958096625,0,2,,,YES,,
2026-09-03 11:30,1788435000,2026-09-03,16,1,15,-5.094069876923077,0.07285293731696528,-7.5704043999999975,-6.104346457142856,-4.446292779999999,-6.03258652,0,5,,,YES,,
2026-09-03 11:45,1788435900,2026-09-03,17,0,17,-5.9683100399999995,0.09091996149079713,-7.810135599999999,-6.797662037499999,-6.92041187,-4.6756419142857135,0,10,,,YES,,
2026-09-03 12:00,1788436800,2026-09-03,26,2,24,-2.8375692749999994,0.3298506794652332,-1.0109826499999994,-3.665024795652173,-6.174179618181818,-0.14188434615384543,0,9,,,YES,,
2026-09-03 12:15,1788437700,2026-09-03,26,2,24,-1.1897500499999993,0.5549614779192138,0.01304585000000058,-2.0832135086956516,-4.6756419142857135,-0.038195252941175956,0,6,,,YES,,
2026-09-03 12:30,1788438600,2026-09-03,30,0,30,-2.1894280874999996,0.3777842892318827,-0.36735179999999845,-3.0099614137931026,-0.243979246666666,-4.606272953333333,0,6,,,YES,,
2026-09-03 12:45,1788439500,2026-09-03,31,3,28,-1.917986208333333,0.39867228377182984,-0.36735179999999845,-2.6840012259259254,0.10003060526315848,-6.648168511111111,0,2,,,YES,,
2026-09-03 13:00,1788440400,2026-09-03,23,0,23,-2.6553908999999996,0.490662149888646,-1.3027520000000021,-3.494945054545454,-4.606272953333333,2.6321323249999997,0,5,,,YES,,
2026-09-03 13:15,1788441300,2026-09-03,19,1,18,-3.42965523125,0.4806927189857148,-2.2849319499999994,-4.254538905882352,-5.073492258333333,2.9010835333333334,0,6,,,YES,,
2026-09-03 13:30,1788442200,2026-09-03,19,0,19,-1.9277406588235295,0.7274446863253337,-0.39016239999999813,-2.4519716833333334,2.6321323249999997,-3.303708490909091,0,8,,,YES,,
2026-09-03 13:45,1788443100,2026-09-03,21,1,20,-2.3972356125000007,0.6173876579123171,-0.0014150000000019217,-3.2354486894736842,1.4073754428571432,-3.267184438461539,0,3,,,YES,,
2026-09-03 14:00,1788444000,2026-09-03,22,0,22,-3.7952081333333343,0.2027826663113635,-3.8706353000000018,-4.752261571428572,-3.303708490909091,-4.58434200909091,0,6,,,YES,,
2026-09-03 14:15,1788444900,2026-09-03,23,3,20,-3.2652355000000006,0.21317872312128192,-1.5647039500000024,-4.651487984210527,-3.012426000000001,-5.529228366666666,0,6,,,YES,,
2026-09-03 14:30,1788445800,2026-09-03,23,3,20,-2.2249555625,0.600247551704317,0.44448654999999837,-3.212485678947368,-4.58434200909091,1.6896698111111117,0,7,,,YES,,
2026-09-03 14:45,1788446700,2026-09-03,22,2,20,-2.4668809625,0.5286591628533928,0.16386744999999925,-3.511410868421053,-0.09508455555555563,-3.640413763636364,0,3,,,YES,,
2026-09-03 15:00,1788447600,2026-09-03,22,0,22,-1.0853701666666664,0.9356017745659184,0.5343565499999978,-1.685355942857143,0.9058422500000002,-1.62780767,0,9,,,YES,,
2026-09-03 15:15,1788448500,2026-09-03,25,2,23,-1.7492676105263156,0.5635221442387505,0.3571950000000039,-3.071816695454545,-4.645596538461539,2.2797292800000006,0,2,,,YES,,
2026-09-03 15:30,1788449400,2026-09-03,21,0,21,-0.7561330470588232,0.6835670626120466,0.5219993999999981,-2.5421774499999996,-1.62780767,-0.4164515636363633,0,3,,,YES,,
2026-09-03 15:45,1788450300,2026-09-03,17,1,16,2.3461357714285715,4.448840982880057,0.6378960999999985,1.6431943200000003,2.052271725,7.501289800000002,0,4,,,YES,,
2026-09-03 16:00,1788451200,2026-09-03,18,0,18,-0.37576889999999985,1.069674170552442,0.5775276500000017,-1.3787676647058822,-0.4164515636363633,1.0640335000000005,0,11,,,YES,,
2026-09-03 16:15,1788452100,2026-09-03,20,0,20,-2.3244756562499997,0.9050383777104142,0.367329750000001,-2.137002168421052,4.424039700000002,-1.98486728,0,10,,,YES,,
2026-09-03 16:30,1788453000,2026-09-03,28,2,26,-1.104801559090909,0.9717424610813141,0.2532131999999989,-1.4591261439999996,1.0640335000000005,-0.577692505263158,0,14,,,YES,,
2026-09-03 16:45,1788453900,2026-09-03,39,3,36,-0.7468812733333331,1.036506161081222,0.6308056500000023,-0.7762820971428568,-1.98486728,1.6930174428571432,0,1,,,YES,,
2026-09-03 17:00,1788454800,2026-09-03,36,0,36,0.7074898033333336,1.353650280095319,0.6926923500000028,0.5066577057142861,-1.2568863238095236,5.138524200000001,0,9,,,YES,,
2026-09-03 17:15,1788455700,2026-09-03,34,1,33,2.317522062962964,1.775453470074051,0.7680783999999963,1.842883284375001,2.9683376250000006,1.5044997000000018,1,6,706d23bf7ff342c4ab641652d3036cce,,YES,1.1172101000000008,TIMEOUT
2026-09-03 17:30,1788456600,2026-09-03,30,2,28,3.1877472708333343,2.1615757374563933,0.9897577000000015,2.3890397333333344,5.138524200000001,1.0180419230769244,0,12,,,YES,,
2026-09-03 17:45,1788457500,2026-09-03,28,5,23,1.2300896210526318,1.600938818599802,0.5685968999999989,0.780119754545455,3.8550205700000015,0.38120764615384595,0,7,,,YES,,
2026-09-03 18:00,1788458400,2026-09-03,34,4,30,3.0760846,2.2435550532073147,1.03699435,2.873493796551724,0.3617281666666677,7.072410793333333,1,3,1a1afe2d31ae9deb0f762de7f97e21b1,,YES,2.0749270999999996,TIMEOUT
2026-09-03 18:15,1788459300,2026-09-03,28,1,27,2.9771502521739124,2.28991745483389,0.9567785999999994,2.4371652230769225,1.392864644444444,7.386166277777779,0,7,,,YES,,
2026-09-03 18:30,1788460200,2026-09-03,29,4,25,2.8106920571428566,2.044957464628318,0.9567785999999994,2.2558333374999995,6.016182452631578,-5.331117033333332,0,9,,,YES,,
2026-09-03 18:45,1788461100,2026-09-03,26,2,24,2.881428025,2.240925807718081,0.27496175000000056,2.344070608695652,4.65479037,2.5390346142857143,0,3,,,YES,,
2026-09-03 19:00,1788462000,2026-09-03,22,0,22,1.3316750499999999,1.7221151222942415,0.25943804999999953,0.9645340190476187,-2.525802949999999,5.967918308333332,0,7,,,YES,,
2026-09-03 19:15,1788462900,2026-09-03,26,1,25,0.8393297238095236,1.415917622901226,0.02865419999999787,0.44104657083333326,2.2497912312499997,0.3024444222222236,0,8,,,YES,,
2026-09-03 19:30,1788463800,2026-09-03,27,4,23,2.9912295315789468,2.0447300572353924,0.42152089999999687,2.271011227272727,5.967918308333332,0.5891608272727287,0,7,,,YES,,
2026-09-03 19:45,1788464700,2026-09-03,25,0,25,2.436354742857143,1.9293063704298,0.4718288000000004,1.8916759708333337,2.8300570400000016,3.015546313333333,0,8,,,YES,,
2026-09-03 20:00,1788465600,2026-09-03,30,2,28,1.9848499583333334,1.7923029216537678,0.46455849999999854,1.5502369740740742,2.293720920000001,2.7372404846153837,0,8,,,YES,,
2026-09-03 20:15,1788466500,2026-09-03,31,0,31,1.360525136,2.8481490039968733,0.4718288000000004,2.0055368166666665,3.015546313333333,2.721171606249999,1,8,606885182f6d72156e553ece24875477,,YES,-12.3379113,SL
2026-09-03 20:30,1788467400,2026-09-03,31,1,30,0.6190927666666665,1.9911251501553955,0.4327850999999998,1.350158251724138,2.5159124333333325,2.0014492466666676,1,9,729aa56e68f9fbf053ca5cdee8fadd07,,YES,1.6029385,TIMEOUT
2026-09-03 20:45,1788468300,2026-09-03,33,1,32,-0.36298318076923064,1.3243769147110456,0.3913622499999998,0.0986274548387099,2.721171606249999,-0.742216168749999,0,4,,,YES,,
2026-09-03 21:00,1788469200,2026-09-03,29,0,29,1.0068046880000001,1.4135970831693965,0.3934540000000015,0.5404461750000005,3.4874457125000005,-0.9277540461538459,0,8,,,YES,,
2026-09-03 21:15,1788470100,2026-09-03,29,4,25,-0.6765920238095234,1.0250081499783559,0.16275780000000098,-1.021900008333333,0.815987582352942,-1.3787342,0,4,,,YES,,
2026-09-03 21:30,1788471000,2026-09-03,25,1,24,-0.8533224799999996,0.9827877891113174,0.4106627500000033,-1.248884426086956,-0.9277540461538459,0.9476757181818184,0,5,,,YES,,
2026-09-03 21:45,1788471900,2026-09-03,21,1,20,-1.66950510625,0.9809048400517897,0.49211425000000153,-1.494094257894737,1.3213414416666662,-2.1444895125000003,0,5,,,YES,,
2026-09-03 22:00,1788472800,2026-09-03,22,0,22,0.46826641111111134,1.8342976898420218,0.9114401499999985,0.7835010238095238,0.9563266083333334,3.0434622099999995,0,3,,,YES,,
2026-09-03 22:15,1788473700,2026-09-03,17,1,16,0.7543613857142858,1.6367958429198357,1.1085196999999982,0.08489058666666673,-1.7767070111111112,6.058157828571429,0,7,,,YES,,
2026-09-03 22:30,1788474600,2026-09-03,20,4,16,0.9678204928571426,1.6762525897325942,0.8298087499999993,0.2566682533333331,3.0434622099999995,-0.24020256666666695,0,6,,,YES,,
2026-09-03 22:45,1788475500,2026-09-03,21,0,21,0.7136048235294121,1.7359659097857605,0.5153975999999996,0.8190484000000001,6.239325275,-0.633371615384615,0,1,,,YES,,
2026-09-03 23:00,1788476400,2026-09-03,17,0,17,-0.979728993333333,0.9878380804607312,0.4506747,-1.6181355437499996,-0.022947570000000445,-0.05155568571428372,0,8,,,YES,,
2026-09-03 23:15,1788477300,2026-09-03,22,4,18,-2.7177422062499996,0.5335431861173509,0.23248769999999785,-3.216359358823529,-0.633371615384615,-4.228894979999999,0,7,,,YES,,
2026-09-03 23:30,1788478200,2026-09-03,22,1,21,-3.4418595764705873,0.5944246545469655,0.3488141999999992,-3.4445564549999985,-0.05155568571428372,-2.974083285714285,0,6,,,YES,,
2026-09-03 23:45,1788479100,2026-09-03,22,0,22,-2.4927660777777767,0.4718726093086586,0.36704415000000123,-3.5331310142857135,-1.897781799999999,-2.3248185999999995,0,1,,,YES,,
2026-09-04 00:00,1788480000,2026-09-04,22,0,22,-2.9379205499999994,0.41984172532444913,0.22056659999999928,-3.91469199047619,-2.7696564666666657,-1.967230214285714,0,8,,,YES,,
2026-09-04 00:15,1788480900,2026-09-04,22,1,21,-3.002735388235293,0.6314406775321758,-0.0842296999999985,-3.401471689999999,-2.3248185999999995,-1.3642148374999983,0,10,,,YES,,
2026-09-04 00:30,1788481800,2026-09-04,25,2,23,-1.3108962263157888,0.8947263611057931,0.43192409999999937,-1.7143192454545448,-1.967230214285714,0.15897416875000145,0,4,,,YES,,
2026-09-04 00:45,1788482700,2026-09-04,23,0,23,-1.2705760947368414,0.900494082659315,-0.0842296999999985,-1.679497313636363,-1.0233709888888871,-0.08932881428571375,0,5,,,YES,,
2026-09-04 01:00,1788483600,2026-09-04,27,0,27,-0.9817228434782601,0.9177390726074353,0.43192409999999937,-1.361062326923076,0.13148073333333454,-1.2518083444444437,0,8,,,YES,,
2026-09-04 01:15,1788484500,2026-09-04,27,3,24,-3.1400190749999997,0.5872373887027953,-1.3687928,-3.046788773913043,-0.08932881428571375,-4.34855595,0,5,,,YES,,
2026-09-04 01:30,1788485400,2026-09-04,22,0,22,-2.6745003944444434,0.2224205293235734,-0.9053996999999989,-3.278724861904761,-1.2518083444444437,-4.104993915384615,0,7,,,YES,,
2026-09-04 01:45,1788486300,2026-09-04,25,3,22,-2.391342922222221,0.3622733066649255,-0.19986294999999688,-3.0360184571428563,-4.071002853846153,0.325583400000001,0,3,,,YES,,
2026-09-04 02:00,1788487200,2026-09-04,23,0,23,-1.3745926526315786,0.8869514435548504,0.40018609999999866,-1.6805878499999998,-4.104993915384615,4.55018687,0,6,,,YES,,
2026-09-04 02:15,1788488100,2026-09-04,21,3,18,1.6063943125,2.518083575422022,1.0135994500000005,0.9242995941176471,0.775605791666667,5.9192840166666665,0,4,,,YES,,
2026-09-04 02:30,1788489000,2026-09-04,20,0,20,1.2423750437499992,2.685766517220411,0.728604199999999,0.8328065421052626,4.55018687,-0.05686639000000056,0,11,,,YES,,
2026-09-04 02:45,1788489900,2026-09-04,24,6,18,0.9638210749999995,2.834850541184947,0.728604199999999,0.31952478235294063,3.8915567555555555,-0.05357877777777828,0,2,,,YES,,
2026-09-04 03:00,1788490800,2026-09-04,23,0,23,-0.2503477368421055,0.5797166346078194,0.4487319000000016,-1.6935413590909092,-0.05686639000000056,-1.9264448153846148,0,2,,,YES,,
2026-09-04 03:15,1788491700,2026-09-04,19,0,19,-1.7118286823529412,0.43575473802579257,0.4487319000000016,-2.9978879944444445,0.8676272533333333,-13.790071125,0,5,,,YES,,
2026-09-04 03:30,1788492600,2026-09-04,20,2,18,-2.5421109874999996,0.3598347374676724,0.39793140000000227,-3.8549807117647057,-1.9264448153846148,-5.734956260000001,0,9,,,YES,,
2026-09-04 03:45,1788493500,2026-09-04,18,1,17,-2.2732347199999996,0.6733042717354071,0.42409579999999947,-3.6849635687499998,-13.790071125,1.7147009923076921,0,10,,,YES,,
2026-09-04 04:00,1788494400,2026-09-04,26,0,26,0.2321378318181816,1.2815774739704722,0.8607988000000009,-0.14197244000000006,2.189493314285714,0.37970954210526303,0,9,,,YES,,
2026-09-04 04:15,1788495300,2026-09-04,33,4,29,-0.5206608040000001,1.2775436185975841,0.8524734000000005,-0.20843629285714288,1.6129104857142857,-0.1551145000000002,0,5,,,YES,,
2026-09-04 04:30,1788496200,2026-09-04,33,2,31,-1.031304344,1.0669654846143641,0.8524734000000005,-0.6902792266666665,0.37970954210526303,-0.19279887499999915,0,5,,,YES,,
2026-09-04 04:45,1788497100,2026-09-04,29,2,27,0.17939238695652202,1.5796454484185112,0.9105461000000008,0.44394868846153884,1.0957954315789475,2.041478037500001,0,1,,,YES,,
